critical_staffing_shortage_today_yes,critical_staffing_shortage_anticipated_within_week_yes
1,1
24,28
13,17
26,27
70,83
6,7
4,4
0,0
1,1
11,31
28,35
1,1
2,2
4,4
11,9
10,10
10,14
0,4
42,46
10,9
3,3
1,2
3,3
15,15
21,24
9,11
6,6
3,4
11,11
10,16
2,3
9,9
15,16
0,0
3,4
11,17
30,33
3,4
20,24
0,0
3,3
21,21
1,1
13,32
107,123
0,0
15,21
2,2
1,1
9,8
10,15
15,16
4,5
1,1
27,29
15,19
25,26
70,80
6,7
4,4
0,0
1,1
10,30
30,37
1,1
3,3
4,4
9,10
11,12
12,13
0,3
42,46
10,9
3,3
3,2
3,3
17,16
24,27
10,12
6,7
3,4
12,12
10,16
4,5
7,8
15,16
0,0
5,5
10,18
31,35
3,3
19,25
0,0
3,3
21,21
1,1
14,32
107,125
0,0
16,21
1,1
1,1
9,10
8,12
14,16
4,5
1,1
27,29
13,15
26,26
69,81
4,6
4,4
0,0
1,1
10,30
30,37
1,2
1,2
3,4
9,10
11,12
11,12
1,4
42,46
10,9
2,2
3,1
3,3
16,16
22,24
9,12
6,8
2,3
11,11
9,16
4,5
7,7
16,16
0,0
4,4
10,15
30,34
2,4
18,25
0,0
3,3
21,21
1,1
12,31
103,123
0,0
16,21
1,1
1,1
12,10
10,13
14,15
4,5
2,2
28,30
17,22
26,28
69,84
6,5
4,4
0,0
1,1
11,28
30,36
1,2
2,2
3,4
9,10
11,11
12,14
1,3
42,46
10,9
2,1
2,2
3,3
15,15
22,27
8,12
7,7
3,5
12,12
9,16
5,5
7,10
17,17
0,0
4,5
8,13
31,36
4,5
19,24
7,7
3,3
22,22
1,1
17,35
104,122
0,0
16,23
2,2
2,1
7,10
9,13
14,15
3,4
1,2
26,29
13,16
27,26
67,85
5,4
4,4
0,0
0,0
6,24
29,35
2,3
1,1
2,3
9,8
10,10
9,12
1,3
42,46
8,6
1,1
1,1
3,3
16,15
23,27
9,11
6,7
3,3
11,11
10,16
4,5
6,5
15,16
0,0
5,5
8,14
29,32
3,2
19,22
0,0
3,3
20,20
0,0
17,37
104,122
1,0
15,22
1,1
2,1
8,9
11,14
13,16
3,4
1,1
24,28
15,19
26,28
69,85
5,4
4,4
0,0
0,0
9,25
30,35
1,2
1,1
2,3
13,15
9,10
11,13
1,3
43,47
7,6
1,1
1,0
3,3
17,17
24,26
9,11
6,7
3,3
11,11
8,15
3,4
5,7
14,14
0,0
4,5
9,14
30,35
3,2
18,21
0,0
3,3
20,20
1,1
15,35
105,123
0,0
16,23
2,2
1,1
7,9
9,14
13,16
3,4
1,1
24,27
13,16
27,27
73,87
7,6
4,4
0,0
0,0
10,27
29,34
1,1
1,1
4,4
12,15
9,11
11,14
1,4
43,47
10,9
2,2
1,2
2,3
16,16
22,26
9,12
6,6
2,3
12,12
8,16
4,4
8,10
15,15
0,0
4,5
10,16
31,34
3,3
18,22
0,0
3,3
20,20
0,0
14,33
106,123
0,0
16,23
2,2
1,1
3,5
6,11
15,16
3,4
1,1
26,27
13,17
27,27
70,82
5,4
4,4
0,0
0,0
9,27
28,33
1,2
1,1
3,4
13,14
11,11
10,12
1,5
43,47
10,9
1,1
1,1
3,3
16,15
22,27
9,11
7,7
2,3
11,11
9,18
3,3
8,10
15,16
0,0
4,5
11,16
30,33
3,3
18,21
0,0
3,3
20,20
0,0
13,32
110,125
0,0
15,22
2,2
1,1
4,4
7,11
15,16
3,4
2,2
27,29
12,15
25,27
63,84
6,5
4,4
0,0
0,0
12,28
30,36
1,1
1,1
3,4
11,13
11,12
11,12
1,3
42,47
10,9
2,2
3,2
4,3
15,16
19,24
8,12
6,7
3,3
12,12
8,17
5,5
10,10
15,15
0,0
4,5
11,16
32,34
2,3
19,22
0,0
4,4
20,20
2,2
12,32
113,126
0,0
16,23
2,2
1,1
5,5
6,12
14,15
3,4
1,1
25,28
14,18
24,27
64,81
6,5
4,4
0,0
1,1
8,26
30,36
2,3
1,1
3,4
10,14
10,10
12,14
2,4
42,47
10,9
3,2
3,2
3,3
19,19
20,24
9,11
6,6
4,3
11,11
8,17
4,5
9,10
15,15
0,0
4,5
10,15
31,34
3,3
19,22
0,0
4,4
21,21
2,3
12,33
112,125
0,0
15,23
2,2
1,1
7,8
9,15
13,14
3,4
1,1
28,29
14,18
25,26
66,80
6,5
4,4
0,0
1,1
10,27
30,36
1,2
2,2
3,4
11,12
11,12
13,15
2,4
42,46
10,9
3,3
3,1
3,3
18,19
21,25
9,11
6,6
3,3
11,11
8,18
4,5
8,10
14,14
0,0
5,5
12,16
28,33
4,4
20,24
7,7
4,4
21,21
1,2
17,37
110,124
0,0
16,24
2,2
1,1
4,5
8,14
13,14
3,4
1,1
26,29
14,18
26,27
65,81
5,4
4,4
0,0
1,1
7,25
29,35
1,2
2,1
2,3
7,9
9,10
10,11
1,6
42,46
7,6
2,2
2,2
4,3
18,18
21,24
9,11
5,7
3,3
9,9
8,17
5,5
7,9
14,14
0,0
6,6
9,15
29,33
3,3
20,24
0,0
4,4
20,20
1,1
16,35
115,127
0,0
16,24
2,2
1,1
4,5
9,15
14,15
3,4
1,1
26,29
11,13
26,26
92,107
6,4
4,4
0,0
1,1
7,24
30,36
1,2
1,1
2,2
11,11
9,11
9,10
0,3
42,46
7,6
2,2
3,2
3,3
18,18
22,23
9,11
7,7
2,2
10,10
7,16
3,4
7,10
15,15
0,0
6,6
9,16
29,34
3,3
21,26
0,0
4,4
21,21
1,1
16,35
111,128
0,0
17,24
2,2
1,1
4,3
10,16
14,15
3,4
1,1
25,29
14,18
24,26
93,106
5,4
4,4
0,0
2,2
10,27
29,35
1,1
1,1
3,3
11,10
9,11
11,13
1,4
41,46
10,9
3,3
2,4
2,3
19,19
21,24
8,10
6,7
3,3
11,11
8,15
3,4
9,11
13,14
0,0
6,6
10,17
28,33
4,3
18,23
0,0
4,4
23,24
1,2
16,35
112,128
0,0
16,22
2,2
1,1
7,9
14,18
15,16
3,4
1,1
26,28
16,19
24,27
93,111
6,5
4,4
0,0
2,2
9,26
28,34
1,1
1,1
3,3
9,11
10,11
11,13
0,4
41,46
11,9
2,2
1,2
2,3
19,19
22,26
7,12
7,7
2,3
11,11
9,17
3,4
9,11
14,15
0,0
5,6
10,18
29,33
4,4
19,22
0,0
4,4
23,24
1,2
15,35
107,126
0,0
16,22
2,2
1,1
7,8
13,17
15,16
3,4
1,1
24,28
14,17
24,26
92,110
7,6
4,4
0,0
2,2
11,29
30,36
1,2
1,1
3,3
9,9
10,13
13,15
0,7
41,46
10,9
3,3
2,1
1,2
20,19
22,28
9,12
8,8
2,3
11,11
9,17
4,5
10,11
15,15
0,0
5,6
10,17
30,33
4,3
20,25
0,0
5,5
23,24
2,2
16,35
116,130
0,0
17,23
2,2
2,1
7,8
13,17
14,16
3,4
1,1
27,28
15,20
26,27
94,111
6,5
4,4
0,0
2,2
10,30
30,38
2,1
2,2
3,4
7,10
12,13
10,12
0,5
41,46
11,9
3,3
3,2
2,2
21,19
21,26
10,13
8,7
2,3
11,10
9,17
3,5
8,11
15,15
0,0
5,6
13,18
30,34
2,2
19,23
0,0
4,4
23,26
2,2
16,35
111,136
0,0
17,23
2,2
1,1
5,6
14,17
14,16
3,4
1,1
27,30
15,20
23,25
91,110
6,7
4,4
0,0
2,2
11,31
30,37
1,2
1,1
3,4
10,10
12,12
11,14
1,5
42,46
10,9
3,2
1,0
3,2
20,19
22,28
8,13
7,7
3,4
11,11
9,17
4,5
10,12
15,15
0,0
5,6
12,20
30,34
1,2
21,26
7,7
4,4
23,26
3,3
17,36
112,138
0,0
16,23
2,2
1,1
6,6
13,16
13,16
3,4
1,1
27,29
15,19
23,25
94,110
6,4
4,4
0,0
0,0
8,29
29,36
1,2
1,1
2,3
11,11
9,10
10,12
1,5
42,46
7,6
2,2
5,2
2,2
20,19
21,23
10,12
6,6
3,4
10,10
9,17
4,5
8,11
16,16
0,0
5,6
12,17
30,33
0,1
19,23
0,0
4,4
22,24
1,1
16,36
110,140
0,0
17,23
2,2
1,1
4,6
14,17
13,16
3,4
1,1
26,29
16,20
22,26
94,110
7,6
4,4
0,0
1,1
8,28
31,38
1,2
1,1
2,2
10,11
9,10
11,12
0,4
43,46
7,6
3,2
4,2
1,2
18,19
20,23
8,11
7,7
2,2
10,10
9,17
3,4
9,11
12,13
0,0
5,5
11,18
31,32
2,1
20,24
0,0
4,4
22,24
0,1
18,37
111,138
0,0
17,23
2,2
1,1
2,3
15,18
13,16
3,4
1,1
27,30
15,18
22,24
97,113
5,4
4,4
0,0
1,1
9,29
30,37
1,1
1,1
4,5
10,11
11,12
10,14
0,4
43,46
9,8
5,5
1,2
1,2
18,18
21,25
9,13
7,7
3,3
10,10
10,16
3,4
8,12
15,15
0,0
5,6
12,18
29,32
2,2
21,26
0,0
3,3
23,25
1,2
16,35
108,135
0,0
16,22
2,2
1,1
7,7
11,16
13,16
3,4
1,1
27,29
15,18
23,27
98,112
5,4
4,4
0,0
1,1
10,30
29,36
1,1
1,1
4,5
8,12
11,13
10,14
0,4
43,46
9,7
4,3
2,2
1,2
18,18
21,26
9,13
7,7
3,3
11,11
10,17
3,5
9,11
14,16
0,0
5,5
12,18
30,32
3,2
20,24
0,0
3,3
23,25
0,0
16,35
109,135
0,0
16,23
2,2
1,1
8,9
10,14
14,17
3,4
2,2
27,30
17,19
21,24
96,109
6,6
4,4
0,0
1,1
10,31
31,38
1,2
1,1
4,5
8,11
11,12
9,12
1,5
43,46
9,8
3,3
2,2
1,2
18,18
22,25
9,12
7,7
2,3
11,10
10,17
4,5
8,10
16,17
0,0
5,6
14,18
33,36
2,2
20,24
0,0
4,4
22,24
2,2
17,37
106,135
0,0
17,23
2,2
1,1
4,7
11,17
14,17
3,4
1,1
27,29
13,15
22,25
92,110
5,6
4,4
0,0
1,1
10,30
31,38
1,2
3,3
4,5
9,12
11,12
13,15
1,4
43,45
9,8
5,3
2,2
2,2
19,18
23,26
9,12
7,7
3,3
10,9
10,17
3,4
9,11
16,17
0,0
5,5
12,18
32,37
2,2
21,24
0,0
4,4
23,25
1,1
16,36
110,132
0,0
16,22
2,2
1,1
7,7
10,17
13,16
3,4
1,1
29,31
17,19
22,26
93,113
5,4
4,4
0,0
2,2
11,31
31,38
1,2
1,2
4,5
11,12
11,13
14,17
0,4
43,45
9,8
5,3
3,3
2,2
18,18
22,26
9,12
7,7
5,5
11,10
10,16
3,4
9,11
17,17
0,0
5,5
12,18
34,37
4,4
21,23
8,8
4,4
23,25
1,2
18,38
116,135
0,0
16,22
2,2
1,1
8,7
11,16
13,16
3,4
1,1
28,31
13,16
22,26
94,113
6,4
4,4
0,0
1,1
10,31
30,37
1,2
2,2
2,3
10,10
10,12
12,15
0,4
43,46
7,6
2,2
3,2
2,2
18,19
21,25
9,12
7,7
3,3
11,10
10,17
3,5
9,10
15,15
0,0
5,5
11,18
34,36
1,1
21,26
0,0
4,4
22,24
2,2
18,37
112,140
0,0
16,22
2,2
1,1
8,10
14,17
13,16
2,3
1,1
28,30
16,19
23,28
95,114
7,5
4,4
0,0
1,1
9,29
31,38
1,2
2,2
3,4
9,9
11,12
12,14
1,5
43,45
7,6
3,2
2,2
2,2
19,19
21,25
9,11
7,7
3,4
11,11
10,16
3,5
8,10
16,17
0,0
5,5
11,18
33,35
1,2
21,26
0,0
4,4
22,24
2,2
17,36
115,142
0,0
15,22
2,2
3,2
8,8
12,16
14,18
2,3
1,1
27,30
18,22
23,26
98,117
7,6
4,4
0,0
1,1
11,31
29,37
1,1
3,3
3,4
9,12
10,11
12,17
0,4
43,45
9,8
3,3
2,3
1,3
19,19
20,27
7,12
8,7
2,3
12,11
9,16
2,3
8,10
17,17
0,0
5,6
12,18
33,35
3,3
21,25
0,0
3,3
23,25
1,1
16,36
118,145
0,0
16,23
2,2
2,2
8,9
10,15
17,18
2,3
1,1
25,29
18,24
24,26
91,113
8,6
4,4
0,0
1,1
11,31
30,39
1,2
3,3
3,4
9,12
9,11
12,16
0,4
42,45
9,9
2,2
1,2
1,2
18,19
22,28
7,11
9,9
2,3
11,11
9,16
2,3
8,10
17,17
0,0
5,6
11,17
31,34
3,3
22,25
0,0
4,4
23,25
1,1
16,36
115,147
0,0
17,23
2,2
2,2
6,7
10,15
17,18
2,3
1,1
25,30
16,20
24,25
95,114
8,6
4,4
0,0
1,1
10,31
32,41
1,2
3,3
3,4
9,11
10,13
14,14
0,6
43,45
9,9
4,2
1,2
1,2
18,19
21,29
7,12
9,9
2,4
11,12
10,17
4,6
9,11
17,17
0,0
6,6
12,28
33,36
3,3
23,25
0,0
4,4
23,25
2,2
17,37
119,148
0,0
17,23
2,2
3,2
6,7
13,15
15,16
2,3
1,1
25,31
16,20
25,27
96,116
7,7
4,4
0,0
1,1
10,31
31,40
1,2
2,3
4,4
9,11
12,13
15,18
1,4
41,45
9,9
2,2
2,2
1,2
19,19
22,29
10,13
8,8
3,4
12,12
9,17
4,6
8,11
16,17
0,0
6,6
13,29
32,36
2,2
24,27
0,0
3,3
23,24
1,2
17,37
117,148
0,0
16,20
2,2
2,2
9,11
12,16
15,16
2,3
1,1
26,31
15,18
24,27
95,117
7,7
4,4
0,0
1,1
12,33
9,14
1,1
3,3
4,4
10,11
12,13
13,18
0,4
41,45
9,9
2,2
2,2
1,2
18,20
22,28
9,14
9,9
4,4
12,12
9,17
3,5
9,12
15,16
0,0
5,7
12,27
33,36
3,3
18,24
8,8
4,4
23,24
2,2
20,40
117,152
0,0
16,20
2,2
2,2
9,11
12,16
15,16
2,3
1,1
28,33
14,16
24,28
98,121
6,5
4,4
0,0
1,1
11,32
8,13
1,2
2,2
2,3
11,11
11,11
12,16
1,5
42,46
7,7
3,3
3,2
1,2
19,20
22,26
10,12
9,10
3,3
11,11
9,17
5,7
7,8
15,16
0,0
6,7
9,28
35,39
2,1
18,23
0,0
4,4
22,23
2,3
18,38
116,147
0,0
15,20
2,2
2,2
7,9
14,18
15,16
2,3
1,1
28,33
13,16
25,28
100,124
6,7
4,4
0,0
1,1
11,32
8,12
1,2
2,2
2,3
11,12
15,12
12,15
1,6
43,46
7,7
2,2
2,2
2,3
18,20
24,28
10,12
9,9
2,2
11,11
9,17
3,6
7,8
14,16
0,0
6,8
12,28
34,37
2,2
23,27
0,0
4,4
21,22
1,2
20,40
119,152
0,0
17,20
2,2
2,2
7,9
14,17
15,16
2,3
1,1
28,33
13,17
25,29
101,121
8,6
4,4
0,0
2,2
10,31
32,37
1,1
3,2
3,4
11,13
12,12
14,18
1,4
42,46
9,8
3,3
1,2
2,3
19,20
24,29
9,14
9,9
1,2
12,12
9,16
4,7
8,10
17,19
0,0
6,7
14,30
32,35
1,1
21,26
0,0
4,4
21,22
1,1
17,35
117,147
0,0
16,20
2,2
2,2
9,10
11,16
15,17
2,3
1,1
27,33
14,18
25,29
98,124
7,7
4,4
0,0
2,2
9,30
31,37
1,1
3,2
3,4
11,12
11,13
16,19
0,4
43,46
8,8
2,2
1,2
2,3
19,20
25,29
8,13
10,9
2,2
12,12
9,16
4,7
8,10
18,18
0,0
6,6
15,31
34,35
2,2
21,26
0,0
4,4
22,23
1,1
17,36
120,154
0,0
16,20
2,2
2,2
6,8
10,16
17,19
2,3
1,1
29,34
17,21
26,30
99,125
7,7
4,4
0,0
2,2
11,32
30,36
1,2
3,2
4,4
10,10
14,13
14,18
1,5
42,45
8,8
1,1
4,2
2,3
21,20
25,31
10,14
9,9
3,3
12,12
9,16
4,6
9,10
19,19
0,0
6,7
14,30
33,36
1,2
22,26
0,0
4,4
22,23
1,1
17,38
118,157
0,0
16,20
2,2
3,2
9,7
12,17
17,19
2,3
1,1
29,34
19,21
25,30
103,127
7,5
4,4
0,0
1,1
11,25
32,36
1,2
2,2
4,4
13,12
13,13
14,16
1,5
42,45
8,8
2,1
2,2
2,3
19,20
25,29
8,13
10,9
3,3
12,12
9,17
5,4
10,11
18,18
0,0
6,6
15,31
33,39
0,2
20,26
0,0
4,4
23,23
2,2
16,36
117,147
0,0
17,20
2,2
2,2
6,7
12,16
16,19
2,3
1,1
30,35
17,20
24,28
107,129
7,5
4,4
0,0
1,1
13,26
35,39
1,2
3,2
4,4
11,10
16,14
14,17
2,7
42,45
10,9
4,2
3,2
3,3
19,20
25,29
9,13
9,9
4,5
12,11
10,17
4,5
10,11
18,18
0,0
6,6
14,31
33,36
1,3
22,24
8,8
4,4
22,22
3,3
17,38
115,143
0,0
17,20
2,2
2,2
7,6
12,16
18,20
2,3
1,1
27,33
19,22
23,27
114,134
6,3
4,4
0,0
0,0
8,21
33,38
1,2
2,2
3,3
12,10
14,12
14,17
0,4
43,46
9,8
3,2
3,2
3,3
19,20
26,29
9,13
9,10
3,5
10,10
10,17
3,4
8,9
19,19
0,0
5,6
14,30
32,36
1,2
23,26
0,0
4,4
22,22
1,1
20,39
118,154
0,0
16,20
2,2
2,2
6,4
13,18
17,20
2,3
1,1
27,33
17,20
26,31
117,137
7,5
4,4
0,0
0,0
10,24
33,38
2,3
3,2
3,3
11,11
13,14
14,16
0,4
42,45
7,7
4,2
3,3
2,3
19,20
25,29
11,15
8,9
2,4
10,10
9,17
4,4
7,9
17,18
0,0
4,6
13,30
33,38
0,1
23,26
0,0
4,4
21,21
0,0
19,38
119,151
0,0
17,20
2,2
2,2
5,4
14,18
19,21
2,3
1,1
28,35
18,21
26,31
112,132
5,4
4,4
0,0
1,1
9,21
30,36
2,3
3,3
3,3
10,10
13,13
15,19
0,4
42,45
10,10
4,4
1,2
3,4
19,20
25,30
10,15
9,9
4,4
11,11
10,16
3,4
9,11
15,16
0,0
5,7
12,29
34,37
2,3
21,24
0,0
4,4
23,23
1,1
17,36
122,151
0,0
21,21
2,2
2,2
9,8
13,17
19,21
2,4
1,1
30,35
16,19
25,30
111,131
5,5
4,4
0,0
1,1
9,22
32,38
2,3
3,4
4,4
9,10
12,14
12,16
0,3
44,45
10,10
2,2
1,2
3,4
19,21
26,30
10,15
9,9
4,4
12,12
10,17
4,5
9,12
15,16
0,0
5,7
13,30
34,39
2,2
20,25
0,0
4,4
23,23
1,1
22,41
125,152
0,0
22,21
2,2
2,2
8,8
16,18
19,21
2,4
1,1
29,35
20,21
23,26
109,130
5,4
4,4
0,0
1,1
11,24
36,40
2,3
3,3
4,4
10,11
14,17
17,19
1,4
43,45
10,10
1,1
2,2
4,4
19,21
25,27
13,16
9,10
5,5
12,12
10,17
4,4
10,11
19,19
0,0
5,7
12,29
37,43
3,2
26,29
0,0
4,4
23,23
2,2
24,42
135,161
0,0
22,21
2,2
2,2
4,5
14,16
20,22
2,4
1,1
29,35
22,23
25,27
110,131
5,6
4,4
0,0
1,1
10,28
38,43
2,3
3,3
4,4
12,13
13,16
15,17
0,3
44,45
10,10
3,1
2,2
2,4
19,21
24,27
13,15
10,9
4,4
11,11
9,17
4,5
8,12
20,20
0,0
5,7
15,31
36,39
2,2
25,29
0,0
4,4
23,24
2,2
22,40
139,166
0,0
22,23
2,2
2,2
7,8
12,17
20,22
2,4
1,1
30,36
20,20
24,28
111,131
6,8
4,4
0,0
1,1
13,31
39,44
2,3
4,5
4,4
11,11
13,18
12,16
0,5
42,45
10,10
2,1
3,2
5,5
19,20
25,30
15,18
11,9
5,5
12,11
10,17
5,6
9,13
17,17
0,0
5,7
15,31
38,42
5,4
23,28
8,8
3,3
22,23
1,1
24,41
137,169
0,0
21,22
2,2
2,2
8,10
12,16
21,23
2,4
1,1
31,35
17,18
25,28
112,135
6,6
4,4
0,0
1,1
10,28
39,43
1,2
2,2
3,3
16,14
15,15
12,16
1,5
42,46
7,7
2,1
2,2
5,6
20,20
26,29
12,17
10,9
5,4
11,11
9,17
3,5
6,9
17,17
0,0
6,8
16,33
36,42
2,2
22,27
0,0
3,3
22,23
2,2
23,40
141,171
0,0
22,24
2,2
2,2
6,10
15,18
20,23
3,5
1,1
31,35
20,21
25,29
118,137
6,6
4,4
0,0
1,1
10,29
39,44
2,2
2,2
3,3
15,16
11,15
14,17
1,5
42,45
8,7
1,1
3,2
6,6
18,19
25,30
11,16
8,8
6,6
12,12
9,17
4,6
8,9
19,20
0,0
6,8
17,33
37,41
2,2
23,26
0,0
4,4
22,23
2,2
23,41
144,172
0,0
21,23
2,2
2,2
9,6
15,17
17,22
3,5
1,1
31,34
21,24
27,32
121,141
7,7
4,4
0,0
2,2
10,28
40,45
2,2
3,3
5,5
17,16
11,14
13,16
1,5
43,46
9,10
2,2
2,2
4,6
20,20
24,30
7,14
9,9
4,4
13,13
9,16
3,5
9,11
18,18
0,0
6,8
16,34
35,40
2,2
24,28
0,0
4,4
23,24
1,1
26,42
115,154
0,0
20,22
2,2
2,2
11,12
13,16
16,21
3,5
1,1
32,35
23,27
28,32
121,139
5,7
4,4
0,0
2,2
10,29
39,45
2,2
2,2
5,5
12,14
13,15
14,18
0,5
42,45
9,10
2,2
1,2
5,6
19,20
24,33
12,17
10,10
3,4
12,12
10,16
4,6
9,11
16,19
0,0
6,8
17,33
37,44
3,1
20,26
0,0
4,4
23,24
0,0
26,43
123,164
0,0
21,23
2,2
2,2
10,11
14,17
17,21
3,5
1,1
33,36
18,20
26,31
129,144
6,8
4,4
0,0
1,1
10,28
38,43
2,3
2,2
5,5
14,13
15,18
11,14
0,8
43,46
10,10
3,2
3,2
5,6
21,20
24,28
12,16
10,10
4,3
14,14
10,17
4,6
10,11
19,20
0,0
6,8
15,33
39,46
3,1
21,24
0,0
4,4
27,24
2,2
26,43
125,161
0,0
20,22
2,2
2,2
9,10
16,19
17,21
3,5
1,1
33,37
18,20
29,32
130,142
7,7
4,4
0,0
2,2
10,25
42,46
1,2
3,3
5,5
14,14
15,17
14,15
1,6
43,46
10,11
3,2
2,2
4,6
19,20
24,31
10,14
10,9
4,4
13,13
9,17
3,5
10,10
20,20
0,0
7,9
18,33
38,45
1,1
24,27
0,0
4,4
26,23
2,2
22,40
123,159
0,0
21,22
2,2
2,2
5,6
13,18
18,22
3,5
1,1
32,36
15,15
29,32
122,143
6,7
4,4
0,0
1,1
11,27
42,46
2,3
2,3
5,5
12,12
16,18
12,16
1,7
45,47
10,10
3,2
3,2
4,6
19,20
28,35
14,15
9,9
4,5
14,14
9,17
6,6
10,11
19,18
0,0
7,9
19,33
40,43
2,2
23,27
7,7
4,4
20,21
1,1
22,41
127,164
0,0
21,23
2,2
2,2
7,8
12,17
19,22
3,5
1,1
31,34
19,21
25,29
128,148
6,4
4,4
0,0
1,1
9,25
40,45
2,3
2,2
3,3
12,13
14,16
12,15
1,5
44,47
8,7
4,3
2,3
10,13
20,21
20,24
10,14
9,9
4,5
13,12
9,17
4,5
8,9
19,19
0,0
7,9
15,32
36,40
0,0
20,28
0,0
5,5
26,23
0,1
23,42
124,162
0,0
20,21
2,2
2,2
7,9
13,17
19,21
3,5
1,1
31,36
21,21
26,31
130,145
6,4
4,4
0,0
0,0
7,23
40,45
2,3
2,3
3,3
14,14
15,17
10,13
0,6
46,47
8,7
4,2
3,3
12,13
19,20
22,29
10,14
9,9
4,4
14,14
8,17
6,7
7,8
18,19
0,0
7,9
17,33
37,40
1,2
22,28
0,0
4,5
26,23
1,2
23,42
130,165
0,0
21,23
2,2
2,2
8,10
13,17
18,21
3,5
1,1
32,36
21,25
30,33
135,149
6,5
4,4
0,0
1,1
9,24
42,46
2,4
3,4
4,4
14,13
13,16
11,15
0,7
44,48
10,10
2,2
1,3
11,13
19,20
21,29
12,15
10,10
2,3
16,15
8,16
4,6
10,10
15,18
0,0
7,9
18,34
33,37
3,2
26,32
0,0
4,5
27,24
0,0
20,39
134,161
0,0
21,23
2,2
2,2
9,9
14,17
16,22
3,5
1,1
32,34
21,26
30,34
137,153
6,5
4,4
0,0
1,1
10,25
42,47
2,3
3,4
5,5
13,13
15,18
12,15
0,7
44,49
10,10
3,3
1,2
11,14
19,20
21,30
11,15
9,10
2,2
15,14
8,17
4,5
11,11
14,17
0,0
7,7
17,34
35,40
1,2
26,32
0,0
4,5
27,25
0,0
22,43
133,158
0,0
20,24
2,2
2,2
8,8
15,19
16,21
3,5
1,1
33,34
20,24
28,33
144,155
6,6
4,4
0,0
2,2
10,26
41,47
1,2
5,5
5,5
13,14
16,21
11,15
1,6
44,50
10,10
3,2
2,2
11,13
19,20
22,30
13,16
9,10
2,3
15,15
8,17
4,6
9,10
19,20
0,0
6,8
19,35
38,45
1,1
25,32
0,0
4,5
27,24
1,1
26,45
135,162
0,0
18,22
2,2
2,2
8,10
12,16
17,22
3,5
1,1
33,35
22,25
27,34
135,154
6,7
4,4
0,0
1,1
9,28
41,48
1,2
3,4
5,5
13,13
16,21
11,14
0,6
45,49
10,10
3,3
5,2
12,14
20,20
20,29
12,16
9,10
6,6
15,15
8,17
4,7
9,10
19,19
0,0
7,9
18,34
37,45
3,3
26,31
0,0
4,5
26,23
1,1
25,44
131,165
0,0
18,22
2,2
2,2
7,9
17,16
17,21
3,5
1,1
34,35
19,22
30,34
134,153
6,7
4,4
0,0
1,1
13,31
42,50
2,4
3,5
5,5
13,12
16,20
13,15
1,6
44,49
10,10
3,2
4,3
12,13
20,20
27,32
12,16
8,9
3,3
15,15
8,17
5,6
11,11
17,17
0,0
8,10
18,25
39,47
1,2
26,31
8,8
4,5
26,23
2,2
23,42
132,166
0,0
18,22
2,2
2,2
7,8
13,15
18,21
3,5
1,1
31,35
16,18
28,31
145,164
7,7
4,4
0,0
1,1
12,30
42,49
2,3
2,2
3,3
11,13
14,18
10,13
1,5
45,49
8,7
3,2
2,2
11,13
19,20
23,29
11,16
9,10
4,4
14,14
8,18
3,5
9,9
19,19
0,0
7,9
17,33
34,43
0,1
25,28
0,0
5,6
25,22
2,2
24,44
135,169
0,1
18,22
1,2
2,2
7,8
14,18
18,21
3,5
1,1
32,35
18,20
30,34
149,166
5,4
4,4
0,0
1,1
10,28
40,47
2,3
2,2
3,3
12,12
14,18
8,12
1,5
45,48
7,6
5,3
4,2
21,24
20,21
24,28
12,16
9,9
4,4
13,13
8,18
5,7
10,9
17,17
0,0
6,9
14,33
37,45
0,0
23,28
0,0
5,5
25,22
3,3
24,42
142,175
0,1
18,22
1,2
3,2
5,6
16,19
19,22
3,5
1,1
33,35
17,21
30,31
152,165
6,5
4,4
0,0
1,1
11,29
42,48
2,2
2,3
5,5
13,13
13,16
11,14
1,6
45,48
9,9
2,2
1,2
21,26
19,21
24,30
10,16
10,10
4,5
15,15
8,18
5,7
11,10
17,17
0,0
6,10
15,35
38,45
1,0
23,29
0,0
5,5
27,24
2,3
26,45
138,174
1,2
21,22
1,2
2,2
8,10
10,15
20,23
3,5
1,1
34,35
16,20
30,31
152,164
6,5
4,4
0,0
1,1
11,30
42,48
2,2
2,3
5,5
12,13
14,19
12,15
1,5
44,48
10,11
3,3
2,4
23,26
19,21
24,33
11,16
9,10
4,6
15,15
8,19
6,8
10,10
16,16
0,0
7,10
17,34
37,45
1,1
23,28
0,0
6,6
27,24
1,2
27,46
140,177
1,2
21,22
1,2
2,2
9,12
10,16
19,23
3,5
1,1
34,36
18,21
28,31
155,172
7,6
4,4
0,0
1,1
10,28
43,49
3,3
3,4
5,5
12,12
14,17
11,15
2,6
44,48
10,10
3,2
4,3
24,26
19,22
26,35
10,14
9,9
5,6
15,15
9,19
6,7
9,10
17,17
0,0
8,9
16,34
38,47
2,1
25,31
0,0
6,6
27,24
2,2
27,46
142,179
1,2
20,22
1,2
3,2
5,8
12,18
22,23
3,5
1,1
36,39
18,20
28,31
153,170
7,6
4,4
0,0
0,0
9,27
42,49
3,3
3,4
5,5
11,13
14,17
13,17
2,7
44,48
12,12
5,3
3,3
23,26
19,20
26,33
12,17
10,9
6,6
18,16
9,19
6,7
9,9
19,18
0,0
10,9
19,38
38,48
2,1
23,29
0,0
6,6
26,23
3,3
25,45
143,182
0,1
22,24
1,2
2,2
7,9
12,18
22,24
3,5
1,1
36,39
19,20
30,33
153,171
6,5
4,4
0,0
1,1
11,29
41,48
3,3
3,3
5,5
11,11
16,20
13,17
2,7
45,48
12,12
2,2
2,3
24,26
19,20
24,31
12,18
9,10
7,7
17,16
10,20
6,7
9,10
17,17
0,0
11,10
19,26
39,47
2,1
24,28
8,6
6,6
25,22
3,3
29,46
143,183
1,2
20,22
1,2
2,1
9,10
14,19
23,25
4,6
1,1
37,41
21,22
30,33
160,177
6,4
4,4
0,0
1,1
9,27
42,49
3,3
3,3
3,3
11,11
17,21
10,16
0,6
44,46
10,10
5,4
2,3
23,25
19,20
21,27
13,17
8,10
7,7
16,15
11,20
5,7
7,8
16,17
0,0
10,9
16,34
40,47
1,2
25,27
0,0
6,6
24,22
2,2
30,49
147,187
1,1
21,24
1,2
2,1
6,6
13,16
23,26
4,6
1,1
37,41
19,21
29,31
161,178
6,4
4,4
0,0
1,1
8,26
40,47
3,3
4,3
3,3
15,15
17,20
9,13
1,7
44,46
10,10
3,3
2,1
23,25
20,20
21,29
13,16
10,10
6,6
17,15
11,20
6,8
7,8
19,18
0,0
10,9
20,36
39,48
1,1
29,32
0,0
6,6
25,22
3,3
27,47
147,188
0,0
20,23
1,2
1,1
11,10
15,18
21,26
4,6
1,1
36,42
21,26
35,38
162,179
8,6
4,4
0,0
1,2
9,26
42,48
2,2
4,4
4,5
18,19
18,24
10,15
0,5
44,46
14,15
3,4
1,2
22,25
18,21
19,27
12,16
7,9
4,6
17,15
10,19
6,7
10,11
17,16
0,0
7,8
19,36
35,42
2,2
26,31
0,0
6,6
25,23
2,2
29,48
156,196
1,1
22,26
1,2
1,1
13,12
23,26
22,26
4,6
1,1
37,42
17,20
35,39
165,178
7,7
4,4
0,0
1,2
10,27
43,49
3,3
3,5
4,5
15,15
19,25
10,15
0,4
43,46
13,16
3,3
1,2
22,25
18,20
21,28
10,15
7,9
5,6
18,16
10,20
6,7
10,11
16,17
0,0
8,9
18,38
33,44
2,2
28,33
0,0
6,6
25,23
2,2
29,49
156,199
0,0
23,27
1,2
1,1
11,11
22,26
22,26
3,5
1,1
38,42
20,22
33,35
164,184
7,7
4,4
0,0
1,2
10,27
44,50
3,3
4,4
4,5
18,18
22,24
13,17
1,6
45,48
12,15
2,2
3,3
23,25
20,22
22,28
13,17
8,9
6,7
17,16
10,19
7,9
11,11
18,20
0,0
9,9
20,43
38,46
3,3
27,33
0,0
6,6
26,23
3,3
30,50
153,197
2,2
25,28
1,2
1,1
9,13
26,29
22,26
3,4
1,1
35,41
17,20
34,39
167,186
6,8
4,4
0,0
1,2
8,35
43,49
3,3
4,5
4,5
17,17
20,25
11,18
1,6
44,47
12,16
3,4
2,2
23,26
19,20
23,32
11,15
9,8
6,7
19,17
10,20
6,8
10,9
18,19
0,0
8,8
23,44
41,49
4,4
30,33
0,0
6,6
26,23
2,2
31,49
150,194
1,1
23,31
1,2
1,1
10,13
24,29
23,26
4,5
1,1
38,43
16,17
34,40
170,186
5,8
4,4
0,0
1,2
9,36
40,45
3,3
3,5
4,5
19,20
20,23
13,22
2,7
46,49
12,15
2,2
3,2
23,25
19,20
22,32
16,18
9,8
4,6
19,17
10,20
6,8
10,10
18,19
0,0
9,9
29,49
42,50
3,2
29,29
8,9
6,6
27,23
2,2
31,50
153,195
1,1
23,31
1,2
1,1
8,8
24,28
23,26
4,5
1,1
35,40
15,15
27,35
168,190
6,6
4,4
0,0
1,1
6,34
41,47
3,3
4,4
3,3
15,15
18,22
11,16
0,4
45,47
10,10
4,3
3,2
22,25
22,22
26,32
14,16
13,11
5,6
16,16
10,20
4,7
7,8
19,20
0,0
9,10
26,50
44,53
2,1
28,32
0,0
6,6
26,22
3,3
31,50
154,197
0,0
24,32
1,2
1,1
7,9
24,31
22,25
4,5
1,1
38,42
15,15
30,36
166,191
6,6
4,4
0,0
1,1
8,35
39,47
3,3
5,7
3,3
16,17
18,23
11,18
1,3
45,48
9,9
4,3
3,3
22,25
21,21
27,34
11,15
10,10
5,6
18,17
10,20
6,8
7,8
20,19
0,0
9,9
30,51
42,52
1,1
29,34
0,0
6,6
26,22
2,2
34,53
156,192
0,1
28,38
1,2
2,1
10,10
26,31
21,25
4,5
1,1
40,43
20,23
32,35
177,195
7,7
4,4
0,0
2,3
8,35
42,48
3,3
6,5
4,5
19,18
15,24
10,18
1,3
46,51
12,14
5,5
3,3
22,25
18,19
28,35
12,16
10,12
6,6
19,18
12,20
5,8
11,10
17,18
0,0
9,8
32,51
42,48
2,2
30,33
0,0
6,6
27,23
2,2
30,48
155,196
1,1
28,36
1,2
1,1
11,12
37,42
20,24
4,5
1,1
40,44
20,22
33,36
179,195
6,6
4,4
0,0
2,3
8,35
42,48
3,3
5,5
4,5
19,21
17,26
11,20
1,3
46,51
11,13
2,2
3,3
23,25
19,19
26,36
10,15
11,13
5,6
18,18
11,19
6,8
9,10
17,18
0,0
8,9
29,51
40,46
2,1
27,30
0,0
6,6
26,22
2,2
32,53
151,194
1,1
29,37
1,2
1,1
10,11
36,42
20,25
5,6
1,1
39,43
16,18
33,35
181,197
7,7
4,4
0,0
2,3
9,35
41,48
3,3
7,6
4,5
16,17
20,28
13,20
1,3
45,51
12,14
3,3
4,4
23,24
20,20
29,37
13,18
11,12
4,6
18,18
10,19
6,8
9,10
19,20
0,0
9,9
29,52
47,52
3,2
27,30
0,0
6,6
27,23
2,2
32,53
158,195
2,2
27,36
1,2
1,1
8,10
37,45
21,25
5,6
10,37
41,48
2,2
10,11
4,5
19,20
18,24
12,21
1,3
46,52
12,14
4,2
5,4
23,24
21,22
30,36
11,15
13,13
5,6
18,17
12,21
6,8
10,10
19,20
0,0
8,8
31,52
44,49
2,2
30,31
0,0
6,6
28,24
2,2
31,50
158,193
1,1
28,36
1,2
1,1
10,10
37,44
22,24
5,6
1,1
39,41
17,18
32,34
182,197
7,7
4,4
0,0
2,3
1,1
40,44
17,18
33,35
181,196
7,7
4,4
0,0
2,3
10,39
41,49
2,2
5,7
4,5
17,17
17,29
15,22
1,4
46,51
12,14
3,3
2,2
24,25
19,22
29,37
12,18
10,11
6,7
18,17
12,21
6,8
10,10
19,19
0,0
10,10
32,52
48,51
2,2
29,30
9,10
6,6
27,23
2,2
33,53
163,197
1,1
26,35
1,2
1,1
13,11
38,43
21,25
5,6
1,1
41,42
17,20
31,32
178,194
5,5
4,4
0,0
1,1
8,35
41,48
2,2
3,5
3,3
18,20
18,24
11,18
1,4
46,51
9,10
2,2
4,4
23,25
21,22
27,36
10,15
11,13
6,7
17,16
12,21
5,8
10,12
20,19
0,0
10,10
30,51
45,50
2,2
36,38
0,0
6,6
28,24
2,2
31,49
160,197
1,1
28,37
1,2
1,1
11,9
36,44
22,25
5,5
1,1
41,41
18,21
35,34
179,191
5,4
4,4
0,0
1,2
8,24
40,45
2,2
4,5
3,4
21,21
20,26
11,13
1,4
46,51
10,10
4,4
3,4
22,23
21,22
26,34
11,17
11,13
6,7
16,15
13,22
5,7
10,13
19,17
0,0
9,9
27,48
43,50
1,2
33,36
0,0
6,6
27,25
2,2
32,51
168,198
1,3
26,33
1,2
1,1
8,12
37,44
23,24
4,5
1,1
40,42
20,23
31,36
179,194
7,9
4,4
0,0
1,2
9,25
42,47
2,2
4,5
5,6
22,21
20,28
12,16
0,3
45,51
14,14
4,3
1,4
22,25
19,22
27,34
12,18
9,11
8,8
18,17
11,19
6,9
11,13
21,18
0,0
11,12
29,51
44,51
1,3
32,34
0,0
6,6
26,24
2,2
32,51
164,195
1,3
27,34
1,2
1,1
14,16
42,45
22,24
4,5
1,1
40,42
21,24
30,35
182,195
6,7
4,4
0,0
1,2
9,26
40,45
2,2
5,6
5,6
22,22
23,30
12,16
0,2
46,51
12,14
4,2
3,4
22,24
20,23
26,36
14,19
10,12
6,7
18,17
11,20
6,9
11,13
20,19
0,0
9,9
27,49
46,51
1,3
36,36
0,0
5,5
26,23
2,2
31,49
163,197
1,3
26,35
1,2
1,1
10,12
38,45
23,25
4,4
1,1
38,41
16,19
33,33
184,193
6,7
4,4
0,0
1,2
8,25
40,46
2,2
3,4
5,6
22,22
23,32
15,20
1,4
46,52
13,14
4,3
2,2
23,24
20,22
23,34
14,17
11,12
5,6
19,17
13,21
6,9
9,11
22,21
0,0
8,10
26,49
41,49
2,3
36,37
0,0
5,5
27,24
2,3
33,52
164,199
1,3
26,34
1,2
1,1
9,11
37,45
24,25
4,4
1,1
38,41
16,17
29,35
188,199
6,5
4,4
0,0
2,3
10,27
42,48
2,3
6,7
5,6
22,23
23,28
12,16
1,4
46,49
13,14
4,2
5,5
23,23
19,22
23,34
14,18
11,12
5,6
18,17
13,21
6,8
9,10
17,19
19,19
7,8
26,49
45,51
2,3
29,32
0,0
4,4
25,26
2,2
32,50
164,198
0,2
27,34
1,2
1,1
11,13
39,46
24,25
5,5
1,1
39,41
15,16
35,37
183,198
7,5
4,5
0,0
2,3
9,26
42,48
2,3
3,6
5,6
24,25
23,29
12,17
1,4
46,49
11,13
2,2
1,1
22,24
20,21
26,35
17,19
14,12
8,9
18,17
15,22
5,7
11,11
17,18
17,20
8,8
28,50
44,48
1,2
31,33
10,11
4,4
25,25
2,2
32,51
166,197
0,2
23,31
1,2
1,1
9,11
37,45
24,25
4,4
1,1
41,43
16,18
32,36
181,194
4,3
6,6
0,0
1,1
6,23
42,47
3,3
6,6
2,4
17,17
18,24
13,17
1,4
45,48
8,9
5,4
4,3
23,24
21,22
26,31
11,15
13,12
5,6
17,16
15,21
5,7
9,9
18,19
17,20
10,9
26,48
44,48
3,3
34,36
0,0
5,5
23,25
2,2
33,52
166,191
0,2
25,33
1,2
1,1
10,11
37,45
22,24
5,5
1,1
41,41
16,18
36,37
179,191
6,3
6,6
0,0
1,1
6,23
42,47
2,2
3,5
3,5
15,14
22,29
11,16
0,2
47,50
9,9
3,3
2,3
24,25
22,24
27,31
12,17
13,12
4,5
16,15
16,22
5,6
9,10
17,19
14,21
9,8
26,49
43,46
3,2
28,32
0,0
6,6
20,19
2,2
33,52
168,194
0,2
23,32
1,2
1,1
12,13
40,46
22,24
5,5
1,1
38,43
17,20
33,34
185,192
4,3
6,6
0,0
1,3
7,24
39,45
2,2
6,6
4,7
19,17
22,29
10,13
0,2
46,49
10,13
2,2
2,3
22,25
21,22
21,31
12,16
14,14
5,5
18,18
15,20
4,5
10,11
17,20
17,21
13,11
31,53
43,47
3,2
32,35
0,0
6,6
19,19
1,1
30,49
167,192
1,3
24,34
1,2
1,1
9,13
33,43
22,24
5,5
1,1
40,43
18,21
34,37
183,189
5,5
6,6
0,0
1,3
7,25
39,44
2,2
4,4
5,7
20,18
24,29
11,16
0,3
46,49
11,13
3,3
2,2
21,25
21,22
24,35
12,17
13,15
5,5
18,17
14,20
4,6
9,10
17,19
16,18
10,8
28,55
43,48
2,2
31,34
0,0
6,6
19,19
1,1
31,50
155,188
0,2
23,33
1,2
1,1
7,12
32,44
21,24
4,5
1,1
40,42
18,22
32,37
173,188
5,5
6,6
0,0
1,3
6,22
39,44
2,2
3,5
3,6
16,17
23,30
10,14
0,2
46,50
10,13
2,2
1,1
21,25
19,20
23,32
13,16
14,15
4,5
18,17
12,20
4,6
11,11
18,19
0,0
8,8
29,51
45,51
3,2
28,31
0,0
6,6
20,21
1,1
33,51
157,186
0,2
24,33
1,2
1,1
9,14
33,43
23,25
5,5
1,1
38,43
18,21
31,36
175,187
6,4
6,6
0,0
1,3
6,22
42,47
2,2
3,5
5,8
21,21
24,29
7,10
0,4
46,50
11,12
3,3
2,2
22,25
21,23
27,33
12,17
13,15
5,6
18,18
12,21
6,7
11,11
16,17
20,23
9,8
33,54
46,49
3,3
31,35
0,0
5,5
20,20
1,2
31,49
169,191
0,2
25,31
1,2
1,1
13,12
36,43
23,25
5,6
1,1
39,44
18,20
33,37
162,176
5,5
6,6
0,0
1,3
6,23
40,48
2,2
5,5
7,9
20,22
24,29
11,14
1,5
47,50
10,12
3,3
2,1
23,25
20,22
26,34
11,15
12,15
7,10
18,18
14,23
5,7
10,11
16,18
17,20
10,8
31,52
46,49
5,5
21,22
10,11
5,5
21,21
1,2
31,50
157,187
1,3
24,31
1,2
1,1
11,13
35,44
21,23
5,6
2,2
38,43
26,27
36,38
158,175
6,6
5,6
0,0
1,1
9,26
38,45
2,2
5,5
4,8
25,23
24,28
14,19
2,6
47,51
7,8
6,5
4,5
23,26
21,22
25,33
17,24
13,15
6,6
17,18
12,21
4,5
10,10
16,17
16,19
14,12
30,53
48,53
3,4
32,35
0,0
5,5
21,21
3,4
33,47
148,186
1,3
24,32
1,2
1,1
14,14
37,47
18,21
5,6
3,3
40,46
34,37
39,41
160,179
12,12
6,6
0,0
1,1
10,26
41,47
3,3
4,7
7,7
33,37
22,29
31,39
3,8
48,51
8,9
9,9
5,7
25,27
20,22
40,46
23,33
15,18
6,7
18,17
14,22
5,8
10,10
19,18
16,18
22,20
31,54
50,57
5,5
40,41
0,0
5,5
27,33
7,12
33,51
149,182
5,5
24,33
1,2
1,1
12,21
38,48
22,23
4,4
3,3
41,44
35,39
41,48
168,178
12,14
5,6
0,0
1,3
12,28
40,45
3,3
5,7
7,8
35,33
26,36
36,45
3,10
46,51
10,13
11,11
5,7
25,27
22,23
47,54
24,34
14,16
6,8
20,19
15,22
6,8
12,12
19,18
14,16
23,22
32,57
47,55
6,8
45,49
0,0
6,6
27,33
9,14
34,52
146,182
6,7
27,34
1,2
1,1
23,26
38,50
21,23
4,5
3,3
42,44
35,39
40,46
167,178
12,14
5,6
0,0
1,3
12,28
39,45
2,3
6,7
7,8
33,35
28,32
37,46
3,9
47,51
11,13
9,11
5,7
26,27
22,24
46,52
25,34
15,17
6,8
19,19
15,21
5,8
10,11
20,18
17,18
22,23
36,58
47,55
5,8
44,49
0,0
6,6
28,34
9,14
33,50
140,178
6,7
27,34
1,2
1,1
22,23
38,49
21,23
3,5
3,3
42,45
36,40
39,46
165,178
12,14
5,6
0,0
1,3
11,28
38,44
2,3
4,5
6,7
33,36
28,35
37,47
3,10
45,51
9,13
9,10
6,7
26,27
22,24
45,51
22,33
15,17
6,8
19,19
15,21
6,8
10,11
20,17
15,20
23,23
37,59
43,51
6,9
46,51
0,0
6,6
27,33
8,12
33,52
143,179
6,7
27,34
1,2
1,1
19,23
38,47
21,23
4,5
3,3
37,43
34,39
41,44
171,178
11,13
5,6
0,0
1,3
12,28
39,45
1,2
4,5
7,9
32,36
30,39
37,49
3,8
46,51
10,12
9,11
6,7
26,27
23,24
45,54
21,33
16,16
6,8
20,19
16,23
5,8
12,12
18,20
18,22
23,22
38,62
44,52
6,8
44,50
0,0
6,5
27,33
8,12
35,54
147,181
6,7
27,34
1,2
1,1
19,25
43,50
22,23
5,6
3,3
38,45
36,39
40,45
160,173
11,13
5,6
0,0
1,3
10,26
39,46
1,2
3,6
8,9
33,37
29,36
38,49
4,7
47,51
12,13
10,11
7,7
25,27
22,23
46,57
21,34
16,17
9,11
17,17
18,24
5,8
12,12
18,19
16,21
23,23
38,62
43,52
6,9
43,49
10,11
6,5
27,33
9,13
31,51
148,184
6,7
27,34
1,2
1,1
19,25
40,50
21,22
5,7
3,3
38,43
34,37
41,45
154,163
11,13
5,6
0,0
1,1
11,25
39,43
1,2
5,6
6,7
34,39
27,34
37,50
3,4
47,49
8,7
8,9
7,7
25,29
22,24
40,51
20,32
16,17
7,8
18,17
18,22
5,7
9,12
16,17
17,22
22,22
35,59
44,53
5,7
37,45
0,0
5,5
26,32
9,13
31,48
148,177
6,6
26,34
1,2
1,1
13,20
40,49
21,22
5,7
4,4
37,42
36,40
41,47
154,167
8,11
6,6
0,0
1,1
10,24
37,42
1,2
3,5
7,8
36,41
26,31
39,49
3,6
48,48
7,7
9,9
8,7
28,31
22,24
38,49
21,33
17,17
6,8
18,17
17,24
5,7
10,12
16,18
16,19
24,22
38,59
43,52
5,7
36,45
0,0
5,5
26,32
8,12
32,50
147,178
6,6
26,34
1,2
1,1
14,20
41,51
20,21
5,7
4,4
36,42
37,42
40,45
154,165
9,16
6,6
0,0
1,3
10,24
34,42
1,2
4,5
8,9
34,38
27,35
40,52
4,7
46,48
10,10
11,10
6,7
29,31
23,25
41,56
21,32
14,16
5,8
19,17
17,24
4,7
12,12
18,18
14,18
24,22
40,62
46,51
5,8
40,50
0,0
5,5
26,33
9,13
30,49
149,181
6,7
29,36
1,2
1,1
15,22
45,50
19,21
5,7
4,3
37,41
36,42
41,46
147,157
10,16
6,6
0,0
1,3
12,26
35,43
1,2
4,5
8,9
36,38
27,34
37,51
4,7
45,48
9,10
9,11
5,7
29,31
24,26
41,55
23,32
14,16
7,9
19,18
15,23
4,7
11,11
17,17
15,19
23,22
43,63
48,53
6,8
40,50
0,0
5,5
26,33
9,13
30,49
147,179
6,7
29,36
1,2
1,1
17,22
46,52
21,22
5,7
5,3
36,41
40,45
41,46
148,161
11,17
2,3
0,0
1,3
12,26
35,43
1,2
4,6
9,10
36,41
32,36
38,52
4,9
44,48
10,10
8,11
7,7
30,31
24,25
43,57
21,32
14,17
7,9
19,19
15,24
5,6
12,9
17,18
16,19
23,23
43,64
48,54
6,8
39,47
0,0
4,4
25,33
9,13
33,49
145,180
6,7
29,36
1,2
1,0
15,21
48,54
19,22
6,6
4,3
36,41
40,45
40,45
142,157
12,17
2,3
0,0
1,3
14,26
36,43
1,2
3,5
8,9
36,42
27,36
38,52
4,8
45,50
10,10
9,12
9,8
30,32
22,23
43,60
20,32
15,17
6,8
19,19
16,27
4,6
11,10
18,20
15,21
25,23
43,63
44,54
5,8
43,47
0,0
4,4
26,34
10,15
33,50
141,177
6,7
28,36
1,2
1,0
17,21
47,54
20,22
6,6
4,3
35,41
39,44
37,46
150,157
11,17
2,3
0,0
1,3
12,26
35,43
1,2
4,6
8,8
36,41
28,32
40,55
4,8
46,50
11,10
9,12
10,8
29,32
23,25
43,61
23,32
16,16
8,9
19,19
14,25
4,6
12,12
17,20
15,20
22,21
43,64
48,55
5,8
44,45
10,11
3,3
26,34
11,16
32,49
149,181
6,7
28,36
1,2
0,0
15,20
47,54
21,23
6,6
4,3
35,39
34,38
38,43
134,146
10,15
2,3
0,0
1,1
12,25
36,41
1,2
5,6
6,6
39,42
25,32
37,48
2,7
44,50
9,7
7,10
9,8
28,32
22,26
43,55
21,32
17,15
7,7
17,17
15,25
4,7
11,11
19,20
15,21
22,22
42,61
48,57
4,7
39,40
0,0
3,3
24,32
11,15
32,50
154,179
6,6
27,35
1,2
0,1
13,18
48,55
22,23
6,6
4,3
37,40
37,41
38,44
130,145
10,16
2,3
0,0
1,1
11,31
36,42
1,2
4,6
6,8
40,40
26,32
38,51
2,6
46,50
9,7
7,10
10,8
30,33
23,26
45,56
21,31
16,17
8,8
18,18
14,24
4,7
13,12
20,20
17,19
22,22
40,62
48,57
4,8
38,38
0,0
4,4
23,31
11,15
31,47
158,192
6,6
28,37
1,2
0,1
12,19
55,57
21,23
8,7
4,3
36,40
37,42
38,43
116,139
12,19
2,3
0,0
1,3
11,32
36,43
1,2
4,5
7,7
38,42
29,34
38,53
4,7
45,50
9,8
9,11
8,8
30,32
22,24
46,61
22,29
16,17
8,9
21,20
14,25
5,7
14,12
19,19
16,19
24,25
40,64
49,56
5,7
41,44
0,0
4,4
24,34
10,14
30,46
151,190
6,7
30,39
1,2
0,1
14,20
53,57
19,21
8,7
3,3
37,41
38,43
35,41
119,139
12,18
2,3
0,0
1,3
10,31
36,43
1,2
3,4
7,8
37,41
29,35
41,53
4,7
46,51
10,10
8,11
7,8
29,31
21,26
45,62
21,31
17,18
8,9
21,20
14,25
5,7
12,12
18,19
16,19
24,26
42,67
48,55
6,7
41,44
0,0
4,4
24,33
10,14
30,46
156,189
6,7
30,39
1,2
0,1
13,20
54,57
20,22
8,7
3,3
33,36
43,49
37,40
113,130
13,18
2,3
0,0
1,3
11,32
36,43
1,2
6,6
7,8
37,41
29,37
41,54
4,10
47,51
9,9
9,12
9,7
30,33
23,26
49,65
20,32
18,19
8,9
21,20
16,26
5,7
11,11
19,20
14,19
24,26
40,67
48,55
5,8
40,44
0,0
4,4
25,33
11,14
31,47
160,192
6,7
30,39
1,2
0,1
12,19
55,56
20,21
8,7
6,6
35,40
44,49
34,38
114,131
13,18
2,3
0,0
1,3
10,32
37,42
2,3
4,6
7,8
35,40
31,42
40,53
5,10
46,50
8,9
9,11
9,8
30,32
23,26
47,64
21,33
18,19
8,8
18,19
17,28
5,7
12,12
19,20
16,20
22,23
40,67
46,56
7,8
40,44
0,0
4,3
25,33
11,14
23,39
157,195
6,7
30,40
1,2
0,1
10,19
53,59
18,19
6,6
6,6
35,39
41,49
36,37
111,125
13,18
2,3
0,0
1,3
9,31
35,43
2,3
4,4
7,8
41,44
30,41
41,54
5,9
46,50
8,10
12,13
10,8
31,33
25,28
47,63
20,32
18,19
10,12
20,20
18,29
5,6
13,13
20,20
15,19
23,23
40,68
47,57
6,8
38,43
10,11
3,3
25,33
11,14
28,45
158,193
6,7
30,40
1,2
0,1
14,22
55,57
20,22
6,7
5,6
36,38
37,40
31,37
98,109
10,15
2,3
0,0
1,1
9,29
34,42
2,3
5,6
6,6
39,42
24,35
41,53
3,6
46,50
7,7
8,8
9,9
31,33
26,30
45,57
19,32
18,19
6,6
19,19
16,27
5,7
11,11
21,21
15,18
20,20
37,64
49,57
5,8
32,39
0,0
3,3
23,32
10,13
30,45
152,182
6,6
30,38
1,2
0,1
12,22
55,61
21,23
6,7
5,6
35,37
38,42
31,36
93,103
9,14
2,3
0,0
1,2
9,30
36,42
2,3
4,7
5,6
40,43
24,37
42,53
2,6
47,50
7,7
8,8
9,7
30,31
24,30
45,56
20,31
17,19
6,6
21,20
17,29
5,8
14,13
22,21
12,16
18,18
36,63
47,54
6,8
30,35
0,0
2,2
23,32
10,13
28,43
153,181
6,6
29,38
1,2
0,1
13,20
54,57
20,21
6,7
5,7
34,38
38,44
28,34
92,109
12,17
2,3
0,0
2,3
10,31
37,43
2,3
5,8
7,8
42,44
30,40
44,56
4,8
47,50
9,10
9,9
5,6
30,32
23,28
46,62
22,32
17,17
5,6
22,21
15,28
5,7
14,14
22,22
12,16
19,19
39,68
45,54
5,5
26,30
0,0
3,3
24,31
13,15
24,33
146,182
6,7
27,36
1,2
0,1
13,23
59,59
20,20
6,7
5,6
34,38
39,44
31,37
88,107
13,17
2,3
0,0
2,3
9,30
37,43
1,3
4,8
7,8
42,43
30,40
42,57
5,10
47,50
10,9
9,10
5,6
28,33
24,29
47,63
22,32
18,17
5,7
22,21
17,29
5,7
12,11
20,22
11,16
19,19
38,55
44,52
4,6
28,32
0,0
3,3
24,32
13,14
25,34
149,178
7,7
27,36
1,2
0,1
14,24
58,59
19,21
6,7
5,6
35,38
39,45
31,36
68,88
13,17
2,3
0,0
2,3
9,30
36,42
2,3
5,7
7,9
44,46
27,39
45,57
5,9
47,49
10,8
9,10
6,6
28,34
23,29
49,62
19,31
19,18
5,6
22,21
17,29
5,8
13,13
20,22
9,16
19,20
40,57
49,57
4,6
31,33
0,0
3,3
25,31
11,13
27,35
157,190
7,7
27,36
1,2
1,1
16,24
57,57
20,22
6,7
5,6
33,38
38,45
30,36
84,109
13,17
2,3
2,2
2,3
10,29
34,41
2,2
4,6
6,8
45,46
28,37
45,55
5,8
46,49
9,8
8,10
7,6
28,30
26,31
49,63
20,30
21,19
5,7
22,21
17,29
5,8
13,13
20,21
9,14
19,20
36,56
50,56
4,5
32,34
0,0
2,2
24,30
11,14
26,36
146,187
7,7
28,36
1,2
1,0
12,20
56,60
20,22
6,7
5,6
32,39
39,47
30,35
85,108
13,17
3,4
2,2
2,2
9,29
35,41
1,2
4,7
6,8
43,43
30,37
46,57
5,10
47,49
9,9
8,10
7,7
24,25
23,29
47,61
20,29
22,20
1,2
21,22
19,31
5,7
14,14
19,21
10,13
18,20
32,56
48,56
3,6
32,35
10,10
3,3
25,31
11,14
25,32
147,181
7,7
28,36
1,2
0,0
16,25
56,60
20,22
6,8
5,6
33,37
37,43
31,34
82,106
12,14
7,9
2,2
1,1
8,25
33,43
1,2
7,10
4,6
45,46
28,37
45,57
3,7
46,49
6,4
6,7
8,6
15,18
25,30
44,53
19,28
18,19
2,3
21,21
17,31
6,7
14,14
19,22
11,14
17,18
23,44
47,56
4,7
26,27
0,0
3,3
24,30
9,13
26,37
145,178
7,6
27,37
1,2
1,1
9,20
53,60
18,23
5,8
5,6
33,36
38,42
29,30
77,101
12,15
7,9
2,2
1,1
8,24
32,42
1,2
6,10
4,6
43,47
26,31
44,57
1,6
47,49
6,4
6,7
7,6
11,17
24,29
47,56
20,27
19,20
6,7
21,21
18,32
5,7
12,14
19,20
13,14
18,18
31,49
49,58
4,5
26,28
0,0
2,2
24,30
10,13
27,36
150,177
7,6
27,36
1,2
1,1
15,22
58,56
17,21
7,9
5,6
33,36
36,41
28,31
75,101
13,18
7,9
2,2
1,2
7,24
33,41
2,3
6,11
5,9
40,44
31,39
46,59
4,10
47,49
6,6
10,9
7,7
10,15
26,29
46,58
21,26
22,21
7,8
22,22
17,32
6,8
15,15
17,19
12,14
17,17
34,51
49,57
3,4
30,30
0,0
2,3
26,32
11,15
28,38
140,175
8,7
28,37
1,2
1,1
14,21
63,62
18,21
6,9
5,6
32,36
36,41
29,35
77,100
12,18
7,9
2,2
1,2
6,24
33,41
2,3
6,10
5,8
44,47
29,40
47,60
5,9
47,50
6,6
11,10
8,7
10,15
25,28
49,60
19,26
22,21
5,7
22,22
19,32
6,8
12,13
18,21
13,13
17,17
34,52
50,58
3,3
30,31
0,0
2,3
26,32
11,15
28,36
141,177
8,7
28,37
1,2
1,1
14,21
63,63
16,19
7,9
5,6
32,36
36,41
28,33
74,97
13,18
7,9
2,2
2,3
6,24
33,41
1,2
6,10
5,9
44,47
29,42
48,60
4,9
46,50
6,6
10,9
8,7
12,16
24,28
48,60
20,26
21,21
5,8
21,22
20,34
7,8
13,13
17,20
11,13
18,17
34,49
47,56
4,3
29,32
0,0
3,3
26,32
11,15
27,31
147,181
8,7
28,37
1,2
1,1
14,20
58,60
16,20
6,8
5,6
32,37
37,43
32,36
73,96
12,18
7,9
2,2
2,3
6,24
31,41
1,2
9,12
4,9
44,46
30,37
46,59
4,10
46,50
6,6
10,9
7,7
11,15
23,27
49,58
19,26
21,22
5,8
21,22
18,32
8,9
12,13
18,20
11,14
16,17
31,49
48,56
5,4
30,33
0,0
2,2
26,32
11,15
22,32
143,178
8,7
28,37
1,2
1,1
15,21
53,56
17,21
7,9
5,6
34,37
39,46
31,38
77,96
13,18
7,9
2,2
2,3
6,24
32,41
1,2
9,14
6,9
43,45
29,38
47,60
4,8
45,50
6,6
10,8
10,8
16,16
24,26
52,60
18,26
20,21
5,8
21,23
18,33
7,9
14,15
17,19
10,15
18,17
34,48
47,56
5,6
30,32
9,10
2,2
26,32
11,15
29,34
149,183
8,7
28,37
1,2
1,1
13,20
55,58
18,21
6,8
5,6
32,37
38,43
28,35
73,89
11,13
7,9
2,2
1,1
6,27
32,41
1,2
9,14
5,7
41,43
27,34
45,57
2,4
45,50
3,2
8,7
8,8
17,17
25,28
49,57
18,25
19,20
4,6
21,23
18,33
5,7
11,11
17,19
8,13
18,16
32,46
47,57
5,4
26,29
0,0
2,2
25,31
10,14
24,25
154,186
6,5
28,37
1,2
1,1
14,20
56,60
17,19
7,8
5,6
32,37
39,43
27,33
77,90
12,12
7,9
2,2
1,1
9,30
30,40
1,2
7,10
6,8
42,44
25,30
46,60
2,5
45,49
3,2
6,6
8,8
15,19
27,28
48,57
19,24
19,18
4,6
21,23
17,33
5,7
12,12
19,20
9,13
16,15
30,42
47,59
4,5
28,30
0,0
3,3
25,31
11,14
21,30
155,182
6,5
28,38
1,2
1,1
16,21
54,62
17,20
7,9
4,5
32,35
36,41
30,35
74,92
12,13
7,9
2,2
2,3
11,31
32,40
1,2
8,11
8,11
39,41
24,30
47,61
3,9
45,49
5,5
8,8
8,8
16,17
23,27
51,62
16,23
21,19
6,7
23,23
14,28
4,7
12,12
18,21
10,12
15,16
31,46
47,57
3,5
31,33
0,0
2,2
25,31
10,14
19,26
151,174
8,7
31,41
1,2
2,1
10,20
54,62
16,20
7,9
4,5
32,35
37,42
32,33
72,91
12,13
7,9
2,2
2,3
11,31
30,40
2,3
9,11
8,10
42,43
26,34
46,59
3,10
45,49
5,5
9,9
8,8
15,17
23,27
49,62
16,24
21,21
5,6
23,23
15,29
4,6
11,12
20,21
11,14
15,16
31,47
49,56
3,5
29,31
0,0
1,1
25,31
10,13
20,27
151,177
8,7
31,41
1,2
2,1
15,21
58,64
16,19
6,8
4,5
32,36
38,45
31,34
72,87
12,14
7,9
2,2
2,3
10,29
29,39
1,2
8,10
8,12
43,43
25,36
48,60
3,9
45,49
5,5
10,10
8,7
17,19
27,27
53,67
16,24
19,18
6,9
23,23
17,30
5,7
11,10
20,22
9,13
16,16
32,45
47,54
4,6
28,31
0,0
3,3
25,31
11,14
24,29
140,169
8,7
30,41
1,2
1,1
12,15
65,68
17,19
7,9
4,5
34,37
38,44
30,33
65,85
11,12
7,9
2,2
1,2
11,31
29,40
1,2
9,10
8,12
39,43
27,32
47,58
4,9
46,49
5,5
10,10
7,7
17,18
26,28
52,65
16,24
20,19
4,6
23,23
18,30
5,7
12,12
19,22
7,11
16,16
27,40
46,54
4,6
30,32
0,0
2,2
25,31
11,14
20,27
146,170
8,8
30,41
1,2
1,1
12,16
65,69
17,19
7,9
4,5
33,38
37,43
30,32
65,82
11,11
7,9
2,2
2,3
11,30
30,40
1,2
10,13
8,11
41,43
26,32
45,56
3,10
45,49
5,5
10,10
9,8
18,18
27,27
54,66
16,23
19,18
4,6
24,24
18,31
5,6
11,11
21,22
8,11
17,16
25,38
45,54
4,6
30,30
8,9
2,2
25,32
11,14
23,29
145,172
8,8
30,41
1,2
1,1
13,15
61,67
16,19
7,8
4,5
34,36
33,38
28,31
65,81
8,10
7,9
2,2
1,1
12,30
28,40
1,2
10,11
8,10
42,43
27,28
45,54
2,6
43,48
3,2
8,9
8,8
14,19
28,29
50,61
15,24
19,19
5,8
22,23
16,31
5,7
11,10
19,21
12,12
16,15
27,38
48,56
2,6
25,27
0,0
2,2
31,34
11,14
23,29
143,170
6,5
28,39
1,2
2,1
13,15
54,65
16,19
7,8
4,5
34,36
34,39
25,29
59,75
10,10
7,9
2,2
1,1
10,25
29,39
1,2
12,16
6,8
37,40
23,28
43,50
2,5
42,46
3,2
10,10
10,8
16,18
29,29
45,54
16,24
18,19
4,7
21,23
18,31
5,7
11,11
19,20
10,12
15,16
29,40
50,57
2,4
25,27
0,0
2,2
32,35
11,13
24,30
148,164
7,6
28,40
1,2
1,1
13,17
54,64
15,18
6,6
4,5
35,37
36,41
30,32
64,78
13,13
7,9
2,2
2,2
13,27
29,39
2,3
8,13
7,10
39,38
24,34
41,49
5,11
40,45
5,5
9,10
8,8
15,16
26,27
45,54
17,25
18,19
4,8
21,23
17,30
7,8
12,11
19,20
8,11
12,14
28,39
47,56
3,4
28,28
0,0
2,2
35,38
11,14
21,24
137,159
8,7
29,41
1,2
1,1
14,15
53,61
16,18
5,6
4,5
34,36
36,41
31,33
64,80
13,13
7,9
2,2
2,3
13,28
30,39
2,3
10,13
8,9
38,37
24,34
39,48
5,11
40,46
5,5
10,9
8,8
14,16
29,28
46,54
17,26
19,20
6,9
22,23
17,29
7,8
10,10
18,19
8,10
13,14
28,39
48,56
2,5
28,28
0,0
2,2
36,38
10,14
18,24
137,160
8,7
29,41
1,2
1,1
16,14
52,61
16,18
5,6
3,4
35,37
37,42
28,31
64,79
10,10
7,9
2,2
2,3
13,29
29,39
1,2
10,13
6,7
38,37
25,33
38,45
5,10
42,45
5,5
10,10
9,8
16,18
30,29
49,57
18,25
17,17
7,9
23,23
19,30
6,8
11,11
20,22
8,10
15,15
30,39
48,56
3,6
27,27
0,0
2,2
35,37
12,15
22,27
141,163
8,7
29,42
1,2
1,1
15,14
56,62
15,19
6,7
4,5
33,36
36,41
29,31
66,78
10,11
7,8
2,2
2,3
11,26
31,41
1,2
8,11
6,7
38,38
26,33
37,45
5,7
41,46
5,5
9,9
7,7
18,19
29,29
49,56
17,25
15,16
6,8
22,22
18,28
7,8
11,10
19,21
7,10
15,14
27,34
50,56
3,4
28,28
6,6
2,2
33,36
11,16
23,30
141,161
8,7
30,42
1,2
1,1
16,19
66,61
14,16
6,7
4,5
30,35
39,44
29,32
63,78
8,9
7,8
2,2
2,3
10,24
32,40
2,3
10,14
6,7
35,35
24,32
34,43
3,7
41,47
5,5
9,9
6,7
17,19
30,30
46,54
18,24
15,16
7,10
22,22
18,27
6,8
11,11
18,20
7,9
14,13
26,32
49,56
5,5
24,27
8,8
2,2
33,35
11,15
23,28
137,154
7,6
30,42
1,2
1,1
12,16
64,59
14,16
6,7
4,5
32,36
35,40
25,29
60,75
9,8
7,7
2,2
0,1
8,24
31,40
1,2
9,12
5,6
35,35
25,30
32,41
2,6
41,47
3,2
8,8
7,7
15,18
29,26
43,51
16,23
15,16
5,7
21,21
17,26
5,6
10,10
17,18
8,9
14,13
28,33
50,56
3,3
21,25
8,8
2,2
33,35
10,12
22,30
136,150
8,7
29,40
1,2
2,1
16,15
58,54
15,17
6,7
3,4
31,35
34,40
23,28
59,79
8,9
7,7
2,2
1,2
9,22
28,39
1,2
6,11
5,6
35,35
20,25
32,41
1,4
41,47
3,2
9,8
7,7
13,15
26,25
42,51
15,23
14,14
6,8
21,21
17,25
4,5
10,10
19,20
9,9
16,14
23,30
46,54
4,4
21,23
7,7
2,2
31,33
11,13
21,28
115,143
8,7
30,38
1,2
1,1
17,16
59,51
15,17
6,7
3,4
31,34
36,40
27,31
62,79
10,11
6,7
2,2
2,3
11,22
28,39
2,3
9,11
5,6
31,29
23,30
32,42
3,7
41,46
4,4
7,7
6,7
10,14
27,26
43,53
15,23
15,15
2,3
21,22
15,23
5,6
10,10
17,20
8,9
13,14
24,30
44,54
2,4
23,24
8,8
2,2
32,34
10,13
19,25
116,148
9,8
30,39
1,2
1,1
16,17
50,46
14,16
6,8
3,4
31,34
38,39
31,33
59,82
10,11
6,7
2,2
2,3
10,22
32,41
2,3
7,10
6,7
29,29
24,31
31,45
3,8
42,46
4,4
8,8
6,7
10,14
27,24
39,51
14,24
15,14
3,3
20,21
16,24
4,6
11,11
18,21
5,7
13,14
28,34
43,54
3,4
23,25
8,8
2,2
32,34
10,12
18,26
118,151
9,8
30,39
1,2
1,1
11,16
51,45
15,18
6,8
3,4
31,35
36,38
29,31
61,82
10,10
6,7
2,2
2,3
10,20
35,40
2,3
5,10
6,7
29,28
24,30
31,42
2,5
42,47
4,4
8,8
7,7
12,15
27,27
44,57
17,24
19,16
3,3
21,22
17,25
3,5
11,11
17,23
7,8
14,14
26,34
42,53
6,5
22,24
8,8
2,2
33,35
10,13
20,26
129,157
9,8
30,39
1,2
1,1
15,16
50,43
15,18
6,8
3,4
33,35
37,40
28,30
62,85
7,9
6,7
2,2
2,3
9,19
32,41
1,2
8,10
5,6
30,29
24,29
29,41
2,7
42,48
4,4
8,8
8,7
12,13
27,26
42,54
17,23
18,16
3,3
21,22
14,21
2,4
11,11
17,22
6,7
14,14
27,36
49,61
4,5
25,25
7,7
2,2
36,38
10,13
20,27
127,150
6,6
29,37
1,2
1,1
14,17
41,38
14,16
7,8
3,4
33,35
36,40
30,34
62,86
8,8
6,7
2,2
2,2
9,19
32,39
1,2
9,11
3,4
29,28
22,29
30,43
2,9
41,47
4,4
8,8
7,7
13,13
25,26
43,53
17,25
20,18
3,3
19,20
16,24
3,4
12,11
16,19
7,7
13,13
26,35
51,64
3,4
26,25
7,7
2,2
36,38
10,13
20,27
124,146
5,5
29,38
1,2
1,1
11,15
39,39
11,17
7,8
3,4
34,35
36,40
28,30
64,81
8,8
6,7
2,2
2,2
8,19
33,36
2,3
8,9
3,4
29,27
22,27
26,40
1,6
40,46
3,2
7,9
7,7
13,12
29,28
37,46
17,24
20,19
3,3
17,18
16,25
6,7
10,10
15,18
6,7
12,13
23,30
48,61
3,4
24,22
7,7
2,2
36,38
9,14
23,29
121,144
6,6
31,40
1,2
2,1
15,18
40,41
12,16
7,7
3,4
35,36
33,38
28,30
60,83
10,8
6,7
2,2
2,2
9,20
33,37
2,3
11,11
4,5
29,29
22,27
28,38
1,6
40,46
3,2
6,8
6,7
12,12
27,27
35,47
19,24
20,19
3,3
16,18
17,25
6,7
10,10
16,19
5,7
12,12
25,32
49,58
3,3
24,22
7,7
2,2
36,38
9,14
22,28
117,143
6,6
30,38
1,2
1,1
14,18
41,43
12,16
7,7
3,4
35,36
32,35
27,30
61,82
6,7
5,7
2,2
2,3
10,21
33,39
2,3
9,11
5,5
28,26
25,29
30,40
2,8
40,46
5,5
8,10
6,7
12,11
24,26
43,56
22,27
17,17
3,3
17,19
15,24
6,7
12,12
16,19
6,6
13,13
12,27
49,58
3,4
26,25
7,7
2,2
42,44
9,13
21,26
115,143
7,7
28,37
1,2
1,1
12,17
39,42
12,15
7,7
3,4
35,36
32,35
28,30
66,82
8,8
6,7
2,2
2,3
12,22
34,39
2,3
10,13
5,5
27,26
25,27
32,39
3,7
43,46
5,5
9,10
6,7
12,11
26,26
42,55
21,26
17,18
3,3
17,19
14,23
6,8
11,11
18,20
6,7
13,13
23,27
48,57
5,4
27,26
7,7
2,2
41,43
9,13
19,25
121,146
6,6
29,39
1,2
1,1
13,20
39,42
12,14
7,7
3,4
34,36
35,38
27,28
55,77
6,8
6,7
2,2
2,3
12,20
32,41
1,2
11,11
5,5
24,25
23,25
30,39
2,6
43,46
5,5
9,10
7,7
12,11
27,26
44,54
21,24
17,18
3,3
18,20
14,23
6,7
12,12
17,20
4,7
14,13
23,27
49,58
4,4
26,26
7,7
2,2
40,42
9,13
25,32
115,142
6,6
29,40
1,2
1,1
10,18
39,42
12,15
7,8
3,4
32,36
33,39
25,28
55,77
5,6
6,7
2,2
2,3
13,21
33,42
1,2
9,11
5,5
25,27
22,25
29,38
2,6
42,46
5,5
9,10
8,7
12,11
27,26
43,56
24,25
16,16
2,3
17,20
15,23
5,6
12,12
15,19
5,7
16,15
22,29
48,59
4,4
23,26
7,7
2,2
40,42
9,13
23,30
115,141
4,5
29,39
1,2
1,1
11,20
37,42
10,13
6,6
3,4
32,36
32,39
26,29
63,83
5,6
7,7
2,2
2,3
13,20
31,40
2,3
6,8
3,3
23,27
20,23
25,38
2,6
43,47
5,5
9,10
6,7
11,11
24,25
44,53
20,23
15,16
2,3
17,20
13,22
5,6
13,14
15,18
6,7
14,13
24,28
44,56
3,5
24,26
7,7
2,2
40,42
8,13
22,29
118,141
5,6
30,39
1,2
1,1
12,18
39,41
11,15
8,7
3,4
33,35
27,35
25,28
55,77
6,6
7,7
2,2
2,2
13,20
33,44
1,2
7,10
3,3
24,26
19,23
25,37
1,6
41,44
3,2
8,9
8,7
10,11
26,26
44,49
22,25
15,16
2,4
17,19
13,21
3,5
10,10
15,19
5,6
16,14
24,29
42,52
4,4
20,22
6,6
2,2
40,42
11,13
20,27
117,137
6,8
31,39
1,2
1,1
10,18
39,38
10,15
7,7
3,4
32,35
30,34
23,26
59,81
5,6
7,7
2,2
2,2
14,20
32,45
2,3
6,8
2,2
26,27
21,23
24,36
1,9
40,44
3,2
8,9
8,7
11,9
25,26
45,53
22,25
15,15
2,4
17,20
13,19
3,5
10,10
14,16
6,7
15,14
23,26
42,55
3,6
21,24
9,9
2,2
40,42
11,14
21,28
119,137
6,8
31,39
1,2
1,1
11,17
40,38
11,15
7,7
3,4
34,37
28,37
26,30
58,72
5,6
7,7
2,2
3,4
14,20
33,44
1,2
4,9
3,3
24,26
21,25
26,36
2,8
40,45
6,6
7,9
6,7
10,8
26,26
42,54
24,29
15,16
3,5
17,20
12,18
4,6
11,12
14,16
6,7
13,14
24,28
42,57
3,5
24,26
9,9
2,2
39,42
10,13
18,27
108,128
6,7
32,42
1,2
1,1
9,16
31,32
14,16
6,6
3,4
35,37
29,38
28,29
55,72
6,6
7,7
2,2
3,4
13,20
35,45
1,2
7,9
3,3
24,25
20,26
27,37
2,8
41,47
6,6
6,7
6,7
10,8
26,26
44,54
26,30
15,16
2,4
18,20
11,19
4,6
12,12
15,17
5,6
13,14
24,28
45,60
3,5
26,25
9,9
2,2
39,42
10,13
18,26
105,127
6,7
31,40
1,2
1,1
10,17
34,33
13,17
6,6
4,4
32,36
29,39
26,30
59,72
5,6
7,7
2,2
3,4
15,21
32,47
1,2
7,8
3,3
22,26
20,24
27,39
3,10
41,47
7,6
7,7
8,8
15,8
27,26
44,54
27,31
15,17
2,4
19,20
13,20
3,5
13,12
13,16
6,7
14,14
17,20
48,59
4,6
25,24
9,9
3,3
40,43
11,14
32,27
111,133
5,6
31,40
1,2
1,1
11,16
33,34
13,17
6,6
3,4
31,35
30,37
25,28
61,80
5,6
7,7
2,2
3,4
15,21
33,46
1,2
6,6
3,3
22,22
19,23
26,37
3,8
41,47
7,6
8,8
9,7
12,7
24,26
49,55
25,30
17,18
3,5
19,20
13,20
3,5
12,12
15,17
6,8
13,13
22,26
43,60
4,6
23,24
9,9
2,2
40,43
11,14
29,26
110,131
4,3
30,39
1,2
2,2
12,16
38,32
13,16
6,6
3,4
31,34
30,39
23,27
63,75
5,7
7,7
2,2
3,4
15,22
34,45
1,2
4,6
2,3
22,24
19,22
23,34
3,7
42,47
6,6
9,8
9,7
12,9
23,26
46,55
22,29
17,18
2,4
18,19
15,21
3,5
13,13
12,16
6,7
15,14
24,28
45,60
5,7
24,24
8,8
2,2
40,43
11,14
27,24
105,126
4,4
31,39
1,2
2,2
13,16
33,31
12,15
5,5
3,4
33,35
31,36
23,25
59,71
5,7
7,7
2,2
3,3
15,24
33,45
1,2
6,7
1,2
23,24
20,25
26,37
2,7
39,46
3,2
8,7
8,7
11,8
25,28
40,51
25,28
14,15
2,4
19,20
17,22
2,4
10,10
15,15
7,7
16,14
18,19
40,57
6,6
24,23
9,9
2,2
39,44
10,14
27,24
107,133
4,4
33,40
1,2
1,1
12,17
32,33
12,17
5,5
3,4
30,34
34,38
22,24
60,78
7,8
7,7
2,2
3,4
14,24
35,44
1,2
3,7
3,3
23,26
21,27
25,37
3,7
38,46
3,2
8,7
7,7
9,12
22,24
47,53
22,31
15,16
2,4
20,20
18,22
4,5
12,11
11,14
6,7
16,14
16,20
43,58
4,4
23,22
9,9
2,2
40,44
9,14
29,25
113,138
5,5
33,41
1,2
1,1
15,17
34,32
13,18
5,6
2,3
32,34
35,38
21,25
60,75
7,8
7,7
2,2
3,4
16,27
35,43
2,2
6,9
2,3
25,29
19,26
27,33
2,6
39,47
6,5
9,8
7,7
8,12
20,23
50,56
26,31
16,18
4,5
20,19
19,22
5,6
12,12
14,14
4,6
11,10
18,21
44,58
4,5
25,26
9,9
1,1
42,46
10,13
26,22
101,127
5,6
30,37
1,2
1,1
10,17
38,38
9,16
5,6
2,3
30,34
36,39
25,26
56,74
7,7
7,7
2,2
3,4
13,26
38,45
2,2
6,7
2,3
22,26
20,26
28,36
2,4
39,47
5,5
9,8
6,6
9,12
22,25
49,56
26,33
16,18
3,4
20,19
19,22
4,6
11,12
12,13
4,7
12,11
18,22
44,58
5,6
25,26
9,9
2,2
42,46
11,13
26,22
96,122
5,6
30,37
1,2
1,1
14,19
33,35
12,17
5,6
2,3
31,35
37,42
23,26
55,74
7,7
6,5
2,2
3,4
14,27
36,46
1,1
6,8
2,3
22,27
23,27
30,41
2,4
39,46
5,5
8,8
8,6
10,6
24,26
53,58
28,33
19,19
3,5
20,20
17,22
5,6
12,12
9,11
5,6
13,12
18,21
45,56
7,7
25,26
9,9
2,2
43,46
10,14
30,26
101,127
5,6
30,37
1,2
1,1
13,17
37,36
13,18
5,6
2,3
30,34
39,41
23,26
60,73
7,8
6,5
2,2
3,4
14,25
33,45
1,1
7,8
2,3
24,29
20,24
31,41
2,7
40,45
6,5
10,10
7,6
11,8
21,24
51,55
25,32
17,18
4,4
20,21
17,21
5,5
13,12
9,11
5,7
13,12
18,22
42,55
5,6
24,25
9,9
2,2
43,46
10,13
27,25
99,130
4,4
30,38
1,2
1,1
13,19
36,34
13,18
5,7
2,3
33,35
34,40
24,26
61,72
7,7
6,5
2,2
3,3
14,25
38,44
1,1
5,8
2,3
25,31
19,24
29,39
2,4
39,45
5,5
7,7
6,6
6,6
21,24
46,53
23,30
16,17
11,13
21,22
17,20
4,5
11,11
9,10
4,6
11,12
15,20
46,56
6,7
22,25
9,9
2,2
43,45
10,13
27,25
105,129
5,5
29,37
1,2
1,1
13,18
33,30
12,17
4,5
2,3
33,35
36,38
23,25
60,75
4,4
6,5
2,2
3,3
14,25
38,45
1,1
4,9
1,2
22,28
18,25
29,37
1,4
39,44
5,5
6,7
8,6
8,7
24,26
48,52
25,29
15,17
4,5
18,21
17,21
3,5
13,13
9,10
5,7
10,12
15,19
41,53
7,6
23,27
8,8
2,2
41,43
10,13
28,25
102,125
5,5
29,39
1,2
1,1
15,19
32,27
12,16
4,5
2,4
31,36
37,39
20,24
60,74
5,6
6,5
2,2
3,3
14,25
33,43
1,1
6,7
2,4
21,28
18,23
27,37
1,4
39,44
5,5
8,8
8,6
7,6
24,25
47,52
28,29
16,18
5,5
18,20
16,19
3,5
12,12
11,10
4,5
11,12
14,19
41,50
6,5
22,27
9,9
2,2
42,45
11,13
28,24
98,123
4,6
29,38
1,2
1,1
14,17
33,25
10,15
4,4
2,4
33,35
36,38
24,24
59,72
5,7
6,5
2,2
3,3
13,25
31,41
1,1
6,9
2,4
22,29
14,20
28,37
1,6
39,43
5,5
9,7
7,6
9,7
22,22
45,53
26,30
16,18
5,6
17,19
16,19
3,4
10,11
13,11
4,5
13,12
13,17
38,48
6,6
23,27
9,9
2,2
42,45
12,14
26,22
101,119
4,7
30,38
1,2
1,1
10,17
34,29
9,14
3,3
2,4
33,35
36,39
24,24
61,73
5,7
6,5
2,2
3,3
13,24
31,40
1,1
4,7
2,4
21,28
13,19
30,38
1,5
38,44
5,5
9,9
7,5
8,6
24,22
44,52
27,31
15,17
4,5
17,18
16,19
3,4
10,11
10,11
6,5
12,12
14,19
36,47
6,5
24,27
8,8
1,1
42,45
11,13
29,25
109,117
4,7
30,38
1,2
1,1
11,17
37,31
9,14
3,3
2,4
34,35
37,39
25,25
64,82
5,7
6,5
2,2
3,3
14,26
26,36
1,1
6,8
2,4
22,27
15,20
27,36
1,4
38,44
5,6
9,9
7,5
8,6
24,26
45,53
26,31
14,18
4,5
17,18
16,20
3,4
12,12
12,10
6,8
14,12
14,20
41,51
5,4
24,27
9,9
2,2
42,45
12,14
27,26
106,120
4,7
30,38
1,2
2,1
12,16
36,33
10,12
3,3
2,7
31,35
39,41
22,25
66,83
7,8
6,5
2,2
3,3
16,27
30,35
2,2
6,8
2,4
20,26
15,18
29,37
2,4
38,43
5,6
8,8
5,6
7,6
25,27
42,52
24,31
14,15
5,5
16,16
13,16
4,5
11,11
9,10
7,7
10,10
15,21
39,49
4,6
23,24
11,12
3,2
42,45
12,14
25,22
105,125
3,6
29,38
1,2
1,1
12,16
37,35
10,12
3,3
2,5
33,35
37,38
24,24
66,82
7,8
6,5
2,2
3,3
16,27
27,33
2,2
4,6
2,4
21,25
16,18
24,33
2,6
38,43
6,6
7,8
5,4
4,6
23,27
41,50
24,30
14,17
12,15
16,17
13,16
4,6
11,11
12,12
5,6
9,9
13,17
37,48
4,6
21,23
11,12
3,2
42,45
12,15
28,25
102,124
3,6
29,36
1,2
1,1
10,14
37,34
8,10
3,3
1,4
33,34
38,39
23,23
68,83
7,7
6,5
2,2
3,3
16,27
31,33
2,2
4,5
3,4
19,24
16,16
26,35
2,7
38,43
5,6
8,8
4,4
6,6
23,26
36,47
24,30
15,18
5,5
16,17
12,16
4,6
11,11
12,12
6,7
9,9
13,15
36,48
5,6
22,23
9,9
2,2
42,45
11,13
28,25
103,116
3,6
24,31
1,2
1,1
11,16
35,33
7,10
3,3
1,3
35,36
40,38
22,23
68,82
8,8
7,5
2,2
3,3
15,27
29,32
3,3
4,5
2,3
18,24
15,16
28,35
2,7
50,44
5,5
9,9
4,4
5,6
21,26
41,51
24,30
15,17
8,9
15,15
11,15
3,5
12,11
12,13
5,6
7,8
13,13
37,45
4,3
20,21
9,9
2,2
42,45
11,14
28,25
104,123
3,4
15,22
1,2
2,1
13,19
34,33
6,8
3,3
1,3
33,34
38,38
21,21
71,85
8,8
6,5
2,2
3,3
13,24
29,32
1,2
6,6
2,3
17,22
16,17
28,34
3,5
39,44
5,5
8,8
4,4
5,7
23,26
39,51
24,30
13,15
5,7
19,18
9,11
3,6
10,11
13,13
5,6
7,8
5,8
33,45
5,4
19,20
8,8
2,2
41,44
11,13
26,23
96,112
3,4
15,22
1,2
1,1
12,16
31,31
6,10
3,3
1,3
34,35
39,38
22,21
67,84
7,6
6,5
2,2
3,3
13,24
28,31
3,3
5,6
2,3
16,24
15,17
28,36
1,4
39,44
5,5
6,7
4,5
5,7
24,26
41,52
26,30
13,14
5,8
20,19
10,12
3,6
11,10
12,13
6,6
7,8
6,8
38,46
6,5
19,20
9,9
2,2
41,44
10,12
24,20
99,112
3,5
15,22
1,2
1,1
11,16
31,32
7,8
3,3
1,3
33,36
38,40
22,21
69,86
9,7
5,5
2,2
3,3
11,23
32,32
3,3
5,6
2,3
21,26
16,17
28,36
5,6
40,43
5,4
8,8
4,5
5,7
23,28
45,53
26,31
14,14
14,15
19,18
9,12
4,6
12,11
12,13
5,5
8,8
10,12
36,46
6,6
19,20
9,9
2,2
41,44
9,11
26,23
102,121
3,4
14,22
1,2
1,1
11,15
28,31
10,11
3,3
2,4
33,35
39,39
22,22
75,91
7,7
6,5
2,2
3,3
11,23
27,30
3,3
4,5
3,3
21,26
14,17
27,36
1,6
39,43
5,5
8,8
3,5
6,7
23,26
43,51
26,32
11,12
4,6
18,17
10,13
3,6
12,12
11,12
6,7
7,8
9,12
35,48
6,6
19,20
9,9
2,2
41,44
9,11
25,22
97,117
3,4
15,22
1,2
1,1
11,16
27,31
10,10
3,3
2,4
32,36
38,39
23,23
69,91
7,7
6,5
2,2
3,3
16,27
24,29
3,3
5,7
4,4
21,25
14,17
28,35
1,5
39,43
5,5
7,7
3,4
5,7
25,28
40,51
28,33
11,12
11,14
19,18
9,11
3,6
11,11
12,13
5,6
7,8
10,12
34,48
5,5
18,19
9,9
2,2
41,45
9,11
26,21
101,120
4,5
15,22
1,2
1,1
12,15
27,26
9,10
3,3
2,4
34,37
38,36
23,23
72,91
7,7
6,5
2,2
3,3
15,28
25,29
3,3
5,6
4,4
19,25
14,17
28,33
1,5
39,43
5,5
6,6
5,4
5,7
23,27
38,48
29,33
10,12
5,6
19,18
10,12
4,6
11,11
11,13
4,5
7,8
8,13
32,47
4,4
19,20
10,10
2,2
41,45
8,10
27,23
100,115
4,6
14,22
1,2
1,1
11,13
24,23
11,11
2,3
2,4
32,36
37,36
24,24
74,92
7,7
6,5
2,2
3,3
18,23
30,31
2,2
4,6
5,4
20,23
14,17
28,32
1,4
39,43
5,5
7,7
4,4
6,7
22,27
39,50
28,33
9,12
15,18
17,17
10,12
4,6
12,12
12,14
4,5
8,8
8,12
33,45
3,3
19,21
10,10
2,2
42,46
10,11
27,23
101,115
4,5
15,22
1,2
1,1
14,15
19,18
11,10
2,2
2,4
32,34
36,36
23,23
75,98
7,6
6,5
2,2
3,3
16,24
40,41
2,2
4,6
5,4
20,26
14,17
28,31
1,5
39,44
5,5
7,7
4,3
5,7
19,23
40,50
26,32
9,11
3,6
17,17
11,12
4,6
11,12
13,13
4,6
7,8
8,12
34,42
2,3
19,21
10,10
2,2
42,45
9,11
25,22
87,115
4,5
15,21
1,2
1,1
10,15
15,12
8,9
2,2
1,3
32,35
35,36
24,24
69,92
6,6
5,5
2,2
3,3
13,23
41,42
2,2
7,7
5,4
17,24
15,17
27,32
1,5
39,44
5,5
7,7
4,3
4,6
18,22
39,50
27,33
11,10
3,6
17,17
11,13
4,6
12,12
12,13
3,5
7,8
8,12
35,43
3,4
19,21
10,10
2,2
42,45
9,11
23,20
87,113
4,5
14,21
1,2
1,1
12,16
17,14
9,11
2,2
1,3
32,35
38,40
24,24
70,91
7,6
5,5
2,2
3,3
15,24
40,43
2,2
4,6
5,4
17,22
15,17
28,32
1,5
39,44
6,6
7,7
4,3
5,7
22,26
37,48
31,35
12,10
11,18
16,16
11,13
4,6
11,12
12,14
4,4
9,8
10,14
35,42
4,4
20,22
9,9
2,2
42,45
9,11
26,23
90,111
5,5
14,22
1,2
1,1
13,16
14,12
10,10
2,2
1,3
31,35
36,38
24,24
69,91
7,7
5,5
2,2
3,3
15,24
39,43
2,2
7,8
5,4
16,19
14,17
25,31
1,6
40,44
5,5
8,8
5,3
5,6
20,26
39,50
27,34
7,9
3,7
15,15
13,15
3,6
10,10
12,14
4,6
9,8
11,13
33,42
4,5
19,21
9,9
2,2
42,45
8,11
26,22
93,112
5,5
15,22
1,2
1,1
14,16
12,10
8,11
2,2
1,3
32,37
37,39
25,24
72,91
6,6
5,5
2,2
3,3
14,23
41,43
3,3
7,8
5,4
15,21
15,17
26,30
1,4
40,45
6,6
7,7
4,3
5,6
20,23
38,50
28,34
9,10
8,15
15,16
12,15
4,6
9,9
15,15
6,7
9,8
10,13
33,41
4,6
19,21
9,9
2,2
42,45
9,11
24,22
95,118
5,5
14,21
1,2
1,1
15,16
12,9
8,9
2,2
1,3
30,34
36,39
24,23
69,91
8,7
6,5
2,2
3,3
15,24
40,41
3,3
5,8
5,4
17,21
14,16
27,32
1,4
38,44
6,6
6,7
4,3
6,7
18,22
38,49
29,34
11,10
3,6
16,17
13,15
4,6
9,9
12,13
4,5
9,8
11,13
34,41
4,4
20,21
9,10
2,2
42,44
6,8
28,24
100,117
5,5
14,21
1,2
1,1
15,17
13,11
8,10
2,2
1,4
33,37
37,40
25,23
72,89
8,7
6,5
2,2
3,3
12,25
38,38
3,3
3,6
5,4
16,20
13,16
27,31
1,5
38,44
6,6
7,7
5,4
5,6
17,22
37,46
27,34
11,10
11,16
15,17
14,16
3,5
11,11
13,13
4,5
9,8
9,13
34,43
4,3
20,22
9,11
2,2
42,43
7,8
26,24
96,112
5,5
13,20
1,2
1,1
11,16
11,10
8,8
2,2
1,4
31,34
36,37
24,23
68,89
8,7
6,5
2,2
3,3
12,26
36,37
2,2
5,6
5,4
14,20
13,17
27,32
1,4
40,44
6,6
7,7
4,3
5,6
19,22
36,43
27,34
7,8
3,6
14,15
13,15
3,6
10,10
14,13
4,6
7,8
10,12
33,41
2,3
21,22
9,10
2,2
43,44
7,8
23,22
91,109
4,4
13,19
1,2
1,1
11,15
12,11
7,8
2,2
0,3
32,35
35,37
25,23
69,91
7,6
6,5
2,2
3,3
14,28
37,36
2,2
5,6
5,4
15,21
13,16
28,33
1,4
40,45
7,6
8,7
4,3
3,5
19,22
35,43
31,33
9,10
3,6
15,15
12,13
4,6
10,10
13,13
5,7
7,8
10,12
35,41
3,2
21,23
9,10
2,2
43,44
7,8
23,23
97,110
3,4
13,20
1,2
1,1
12,16
12,10
7,10
2,2
1,4
31,35
38,40
24,23
75,90
7,6
6,5
2,2
3,3
14,26
41,38
3,3
4,6
5,4
17,21
13,18
27,33
1,4
40,45
8,6
7,7
4,3
5,6
20,23
38,45
30,33
10,10
10,15
15,15
13,14
4,6
10,10
13,13
5,6
8,8
9,12
33,41
3,4
21,23
9,10
2,2
42,43
7,8
24,22
98,112
3,5
14,20
1,2
1,1
12,15
11,10
9,10
2,2
1,4
28,34
39,40
24,23
71,89
9,7
6,5
2,2
3,3
13,27
41,38
3,3
5,6
6,4
17,20
15,18
24,32
1,4
40,46
9,7
7,7
1,3
5,6
17,20
36,44
31,34
9,10
3,6
15,15
12,14
3,6
12,11
12,13
5,6
8,8
9,12
34,41
3,4
23,23
9,10
2,2
43,44
7,8
26,24
173,189
3,4
14,20
1,2
1,1
12,17
7,8
8,9
2,2
1,4
32,35
39,40
24,23
76,92
7,6
0,0
2,2
3,3
14,26
41,38
3,3
5,6
6,4
19,20
14,17
24,32
1,5
40,46
8,7
7,7
3,3
5,6
14,17
37,45
30,35
9,8
6,15
15,16
11,13
3,5
10,10
13,14
3,5
8,7
10,12
32,42
3,3
23,23
9,9
2,2
43,44
6,8
24,22
167,190
3,4
14,20
1,1
1,1
10,16
8,8
6,9
3,3
1,3
32,35
38,39
24,23
74,93
8,7
0,0
2,2
3,3
14,30
44,39
2,2
5,6
5,3
17,21
13,16
26,32
1,4
40,45
8,7
7,7
4,3
6,7
14,18
37,44
32,35
11,12
3,6
15,15
13,14
3,5
9,9
13,14
6,7
7,7
10,13
32,44
3,3
23,23
9,9
2,2
43,44
6,9
26,22
171,193
4,5
14,21
1,1
2,1
13,18
7,7
8,10
2,2
2,3
30,34
38,40
24,23
75,93
7,7
0,0
2,2
3,3
12,28
41,39
3,3
4,6
5,3
18,21
13,17
25,32
1,4
40,43
8,7
6,7
3,5
5,6
14,18
34,41
30,34
10,11
14,18
13,14
9,11
3,5
9,9
13,14
5,7
7,7
10,14
30,42
3,3
21,23
9,9
2,2
43,44
6,8
26,23
180,199
3,5
15,21
1,1
2,1
13,16
8,8
6,8
2,2
1,3
29,32
35,35
23,23
80,96
7,7
0,0
2,2
2,2
10,28
34,38
2,2
6,6
5,3
16,20
13,17
25,30
1,5
40,45
7,7
5,6
5,5
4,4
13,17
35,42
30,36
10,12
3,7
14,14
10,11
2,5
10,10
14,13
7,7
7,8
10,14
35,46
2,2
22,23
9,9
2,2
42,44
6,8
24,20
171,195
3,4
15,20
1,1
1,1
13,18
9,8
7,8
2,2
2,3
29,33
34,35
24,24
78,91
7,7
0,0
2,2
2,2
8,26
42,42
2,2
4,6
6,4
15,20
14,17
26,30
1,4
41,44
8,7
5,6
5,5
5,5
14,16
34,42
31,35
10,12
3,7
14,15
10,11
2,5
9,9
14,13
6,6
7,8
8,13
36,46
2,2
22,23
9,11
2,2
42,44
6,8
21,19
172,191
3,4
14,19
1,1
1,1
14,17
8,8
6,8
2,2
2,3
32,34
36,37
24,24
85,98
7,7
0,0
2,2
2,2
12,28
43,42
3,2
4,5
6,4
17,22
14,16
25,32
1,4
41,45
8,7
6,6
5,5
6,5
13,16
35,43
31,35
10,12
11,15
14,14
10,11
2,5
10,10
13,12
5,6
8,8
10,14
35,44
3,3
21,21
9,9
2,2
42,44
6,8
23,22
178,196
3,4
15,20
1,1
2,1
15,16
8,8
9,7
2,2
1,3
31,33
37,39
26,26
83,98
7,7
0,0
2,2
1,1
12,30
41,42
3,3
5,6
7,4
16,21
14,16
25,31
1,4
41,45
7,7
6,6
4,3
7,5
13,16
35,43
30,37
10,9
2,5
14,13
10,12
2,5
10,10
13,12
5,7
8,8
8,12
33,44
1,4
22,23
9,9
2,2
42,44
6,8
23,22
179,195
4,5
14,19
1,1
1,1
14,13
8,8
9,9
2,2
2,3
32,35
35,40
24,26
83,102
6,7
0,0
2,2
1,1
11,30
41,41
3,3
4,5
7,4
16,22
16,17
25,29
1,5
42,45
6,6
6,6
4,3
5,5
14,17
34,43
27,36
11,11
9,13
14,13
9,11
3,4
10,10
13,12
5,6
8,8
11,13
34,39
1,3
22,24
9,9
2,2
42,44
6,8
25,21
179,195
3,4
12,18
1,1
1,1
12,13
9,7
7,9
2,2
2,3
32,36
34,39
24,25
85,103
4,5
0,0
2,2
1,1
11,29
37,42
3,3
5,6
7,4
18,21
14,18
22,28
1,5
42,44
7,6
6,6
5,3
3,5
13,16
34,42
30,36
11,11
3,7
14,14
8,10
3,4
11,11
13,12
4,8
8,8
10,13
35,41
1,3
23,24
9,9
2,2
42,44
5,7
23,22
178,200
3,4
12,18
1,1
1,1
15,14
9,7
7,9
2,2
2,3
29,34
37,38
24,24
80,105
6,7
0,0
0,0
1,1
10,29
36,42
2,2
5,5
7,4
14,21
15,19
23,27
1,5
41,44
6,5
5,6
4,3
5,6
12,16
34,41
31,36
10,10
7,11
14,13
9,12
2,4
11,11
12,11
4,6
8,9
10,13
30,40
2,4
22,24
9,9
2,2
43,45
4,6
20,19
177,201
4,5
13,17
1,1
1,1
11,15
9,7
7,9
2,2
2,3
30,35
37,37
23,24
82,105
5,6
0,0
0,0
1,1
12,34
39,44
2,2
4,6
7,4
15,20
17,19
23,28
1,5
42,44
8,6
6,6
4,3
5,6
12,16
35,43
32,36
8,8
4,8
14,13
9,13
2,4
10,10
12,11
5,7
9,9
10,13
36,43
3,5
22,24
9,9
2,2
43,45
6,8
20,20
178,196
4,5
13,17
1,1
2,1
15,16
11,7
7,9
2,2
2,3
30,35
36,37
24,24
76,103
5,6
0,0
0,0
1,1
12,34
39,44
2,2
5,5
7,4
15,20
16,19
24,29
1,5
42,44
7,6
6,6
4,3
4,6
12,16
37,44
31,37
8,8
4,7
14,13
8,12
5,5
11,11
11,12
3,6
9,9
10,14
35,41
3,4
21,23
9,9
1,1
43,45
6,8
22,20
98,119
3,4
12,17
1,1
2,1
15,15
9,7
7,9
2,2
1,2
30,35
36,39
24,24
80,104
5,6
0,0
2,2
1,1
13,36
40,44
3,3
4,5
7,4
17,20
17,20
24,30
1,6
41,45
7,6
6,6
4,3
4,6
11,14
37,44
32,37
10,12
4,6
13,14
10,14
4,4
12,12
11,12
5,9
10,9
12,16
34,43
4,4
22,24
9,9
2,2
43,45
6,8
25,22
100,120
5,5
12,17
1,1
2,1
18,18
7,7
8,9
3,3
1,2
30,34
39,39
25,25
82,107
5,6
0,0
2,2
1,1
13,33
39,44
3,3
5,7
7,4
16,19
15,18
23,29
2,6
42,45
6,5
6,6
3,3
3,5
12,15
40,44
30,37
11,11
4,7
13,14
8,12
4,4
11,10
11,12
4,6
10,9
9,12
31,41
4,4
21,25
9,9
2,2
43,45
5,8
23,22
102,123
4,5
12,18
1,1
2,1
16,18
9,7
8,9
3,3
1,2
31,36
36,38
24,25
83,103
7,7
0,0
3,3
1,1
8,26
39,45
3,3
5,7
8,4
16,19
17,18
23,28
1,5
41,44
7,6
7,6
3,3
3,5
12,15
35,41
30,37
10,11
5,8
13,14
10,14
3,5
11,10
12,12
4,7
10,9
8,10
33,44
2,3
20,23
9,9
2,2
43,46
7,9
23,22
103,120
5,5
11,16
1,1
2,1
16,20
6,6
9,9
2,2
1,2
31,35
36,35
23,25
79,101
6,6
0,0
2,2
1,1
7,26
40,45
3,3
6,9
7,5
16,20
16,18
23,29
1,5
40,44
6,6
6,6
3,3
3,5
12,15
37,43
31,37
9,10
3,6
13,14
8,12
3,5
10,10
12,12
6,9
9,8
10,12
31,45
1,2
19,23
8,9
1,1
43,46
7,9
22,20
100,117
5,5
12,16
1,1
2,1
17,18
6,6
9,10
2,2
0,1
31,35
36,36
24,25
78,97
7,6
0,0
2,2
1,1
7,25
35,42
4,4
8,9
7,5
16,20
16,20
22,25
1,4
41,44
6,6
6,6
2,3
4,5
12,15
37,43
29,36
8,11
5,7
12,13
10,12
3,5
12,11
11,11
7,9
8,7
10,11
32,45
2,4
23,25
8,9
1,1
43,46
6,9
22,18
107,113
4,6
11,16
1,1
2,1
14,17
7,6
8,10
3,2
1,2
29,34
33,33
23,24
72,95
6,7
0,0
0,0
1,1
9,27
39,43
3,3
6,8
7,5
20,21
15,18
17,20
2,4
41,45
6,6
4,5
2,3
4,6
11,14
37,43
27,36
7,11
1,3
12,12
10,13
2,6
9,10
10,11
6,10
7,7
7,9
32,42
1,3
20,23
8,9
2,2
43,46
7,9
23,22
107,121
3,5
11,15
1,1
2,1
14,17
7,6
9,9
2,2
1,2
35,38
34,32
23,25
83,106
6,7
0,0
2,2
1,1
10,28
42,44
3,3
6,7
7,5
18,22
17,19
18,21
2,5
37,43
5,5
5,7
2,3
4,6
12,15
36,43
31,36
7,11
1,3
11,11
11,14
3,6
11,10
10,11
6,10
7,7
8,9
32,46
1,3
22,23
8,9
2,2
43,46
6,9
23,19
108,120
4,4
11,15
1,1
2,1
13,17
7,6
8,8
2,2
1,1
35,37
35,34
23,24
83,107
6,6
0,0
2,2
1,1
10,20
44,44
4,4
6,7
7,5
19,22
19,19
19,25
2,5
37,44
5,5
6,6
2,3
4,7
12,15
38,44
31,37
7,11
1,3
13,13
10,13
2,6
10,10
10,12
4,7
8,7
7,9
33,44
2,4
21,23
7,8
2,2
43,46
6,9
23,22
98,116
3,5
12,16
1,1
2,1
16,17
10,6
8,9
2,2
1,1
35,37
28,27
23,24
80,105
6,6
0,0
2,2
0,0
9,21
45,44
4,4
6,7
8,5
17,21
19,18
17,22
1,5
38,43
5,5
6,6
2,3
4,7
8,11
25,30
32,38
8,9
1,11
14,14
10,12
2,5
10,10
10,12
6,8
8,7
12,13
29,37
3,6
20,23
7,8
2,2
43,46
6,8
23,22
98,116
3,6
11,15
1,1
2,1
14,19
9,6
8,9
2,2
1,1
36,38
27,29
23,24
83,105
6,6
0,0
2,2
0,0
9,20
44,45
4,4
6,6
7,5
18,20
17,17
17,21
2,4
38,42
5,5
7,8
2,3
5,7
8,11
22,29
32,38
8,9
2,11
13,13
10,12
3,5
9,9
12,12
8,10
8,7
10,11
27,35
3,4
21,25
7,8
2,2
43,46
7,8
23,24
99,117
4,5
11,15
1,1
2,1
15,20
8,6
9,9
2,2
1,1
31,35
29,28
23,24
79,101
5,6
0,0
2,2
1,1
9,19
43,47
4,4
7,7
6,4
18,19
14,16
18,23
2,4
38,42
5,5
6,7
2,3
4,7
7,10
21,30
30,38
5,6
1,8
13,11
10,12
2,5
11,11
12,12
5,8
8,6
10,11
21,26
3,4
20,26
7,8
1,1
43,46
7,8
22,23
104,125
3,6
10,15
1,1
2,1
12,18
8,6
9,9
2,2
0,0
35,37
29,30
24,25
90,107
4,5
0,0
2,2
1,1
8,19
43,47
2,3
7,7
7,4
18,18
14,17
17,23
1,3
38,43
5,5
7,7
3,4
5,6
7,10
23,30
32,40
8,9
1,10
12,11
10,12
3,5
10,9
12,12
7,9
7,5
10,11
19,25
3,5
20,25
6,7
1,1
43,46
7,8
24,23
103,123
3,6
11,15
1,1
1,1
14,19
9,6
9,10
2,2
1,1
34,38
25,23
23,24
90,106
3,5
0,0
0,0
1,1
8,18
45,46
1,1
9,7
8,5
16,18
12,16
20,26
1,2
38,44
5,5
10,9
3,4
3,6
6,11
20,27
32,40
7,9
1,9
11,13
11,14
4,5
10,12
11,12
6,9
6,6
8,10
17,25
3,3
20,24
6,7
2,2
43,47
6,8
22,22
103,123
4,6
10,15
1,1
2,1
12,16
10,7
8,10
2,2
1,1
33,38
25,24
23,24
93,108
3,5
0,0
0,0
1,1
7,17
43,45
1,1
8,8
6,5
17,18
13,16
21,26
1,3
39,44
5,5
9,8
3,4
4,6
6,11
20,28
30,40
7,9
3,10
11,12
10,13
3,5
8,8
13,12
6,9
6,6
9,10
19,26
4,4
20,23
6,6
1,1
43,47
6,8
21,21
104,126
4,5
10,15
1,1
2,1
15,19
10,7
9,10
2,2
1,1
33,38
25,27
24,24
90,107
4,7
0,0
2,2
1,1
9,9
46,44
2,2
8,7
6,6
17,19
20,19
22,26
1,3
39,44
5,5
8,6
3,4
4,6
7,9
20,30
31,40
7,9
2,10
12,13
12,15
4,4
10,10
11,10
8,11
7,6
11,12
17,26
4,5
21,23
7,7
2,2
43,47
6,8
22,21
109,127
5,6
11,12
1,1
2,1
13,17
9,7
10,10
3,3
1,1
28,35
27,27
22,24
86,109
4,7
0,0
2,1
1,1
10,10
43,44
2,2
7,8
6,6
17,21
17,17
20,26
1,3
40,46
5,5
7,5
3,4
4,7
8,10
22,31
31,39
6,7
2,13
11,13
12,15
4,4
10,10
12,10
7,11
7,6
9,11
19,26
3,4
20,23
6,6
2,2
43,47
6,8
25,24
114,131
6,7
11,12
1,1
1,1
17,18
9,7
10,9
3,3
2,2
29,34
25,25
23,25
84,102
3,6
0,0
3,2
1,1
12,12
41,43
2,3
5,6
6,6
16,21
19,19
20,25
1,3
41,47
5,5
6,5
2,3
5,7
9,10
23,30
28,38
7,9
3,13
11,12
10,14
5,5
9,9
12,11
5,10
7,6
9,11
16,26
2,4
20,23
6,6
3,3
43,47
4,7
23,21
109,126
5,7
11,12
1,1
1,1
12,18
12,7
9,10
3,4
2,2
32,37
24,26
24,26
80,94
4,6
0,0
3,2
0,0
8,9
42,42
2,3
5,5
6,6
17,19
20,19
18,24
1,3
41,47
5,5
5,5
2,3
3,8
9,10
23,30
32,39
7,10
3,13
10,12
9,13
4,4
9,9
11,10
7,10
9,7
8,10
17,25
3,4
25,26
8,8
2,2
43,47
5,7
22,19
112,122
5,7
11,12
1,1
1,1
10,19
10,7
9,10
3,4
1,1
28,36
26,28
25,27
88,101
2,5
0,0
2,1
1,1
10,10
42,42
2,2
5,6
7,7
15,19
19,16
18,24
1,3
40,46
5,5
5,5
2,3
4,7
9,10
22,33
32,40
6,9
2,11
12,14
10,14
2,2
11,10
11,10
5,9
9,7
8,10
21,29
2,4
23,24
6,7
2,2
43,46
5,7
22,21
117,124
5,7
11,13
1,1
1,1
12,18
9,8
9,11
3,4
2,2
32,33
23,23
24,25
82,88
3,5
0,0
2,1
1,1
10,10
41,43
1,1
4,5
7,7
15,20
12,13
20,24
2,4
40,45
5,5
5,5
3,3
4,6
7,9
21,30
33,40
5,7
5,11
12,13
10,12
2,4
11,9
12,11
6,9
6,6
9,11
17,27
2,2
21,24
6,7
2,2
43,46
3,7
22,21
118,132
4,7
11,12
1,1
1,1
14,18
11,7
8,9
4,2
2,2
30,35
26,24
25,25
92,108
3,5
0,0
2,1
1,1
13,11
42,45
1,1
5,7
7,7
15,20
11,14
21,24
1,3
39,45
5,5
5,5
2,2
5,6
8,9
20,29
31,39
5,8
9,17
12,13
10,11
2,5
10,9
12,12
7,9
6,6
9,11
19,26
2,3
22,24
7,8
2,2
43,46
4,7
21,20
108,126
4,7
11,12
1,1
1,1
17,21
10,8
9,10
3,4
2,2
31,37
28,27
25,25
95,110
3,4
0,0
3,2
1,1
13,12
39,45
2,2
6,7
7,7
15,21
19,18
22,26
1,4
39,45
5,5
5,5
3,3
5,6
10,9
23,32
32,39
6,9
4,12
12,14
12,12
4,5
9,10
12,11
7,10
7,6
9,12
20,27
2,3
22,23
8,9
2,2
43,46
5,7
23,20
104,130
4,6
12,13
1,1
1,1
14,17
9,10
8,8
3,4
2,2
33,37
24,24
25,26
81,94
4,4
0,0
3,2
1,1
13,13
40,45
2,2
6,5
4,6
17,21
19,19
22,25
1,4
42,45
5,5
4,5
3,3
5,7
9,9
21,31
34,39
5,7
5,14
12,14
11,12
4,5
9,9
10,10
5,9
6,5
11,13
21,27
4,4
21,23
8,9
2,1
43,47
4,6
22,20
107,132
3,6
12,14
1,1
1,1
14,18
7,9
6,7
3,4
2,2
30,39
26,25
25,26
82,100
3,4
0,0
2,1
1,1
9,10
42,45
1,1
5,6
5,6
15,20
18,18
22,25
1,4
43,45
5,5
5,5
3,3
4,7
10,10
21,30
29,39
5,8
4,15
12,14
12,16
6,7
8,9
12,10
5,9
6,6
10,12
18,28
4,4
22,24
8,9
2,2
43,47
5,6
22,21
107,128
4,7
12,14
1,1
2,1
15,15
7,8
7,9
2,3
2,2
33,40
25,25
28,29
91,101
4,4
0,0
1,1
1,1
6,10
44,45
1,1
5,4
5,7
17,20
20,19
23,26
1,4
43,44
5,5
7,6
3,3
4,7
10,10
20,32
34,39
4,6
4,13
12,14
13,14
3,6
8,8
11,10
4,7
5,6
8,11
20,25
3,4
21,22
8,9
2,2
43,47
5,6
23,19
114,145
4,7
12,14
1,1
2,1
13,14
8,8
7,9
3,3
2,2
29,39
25,23
23,25
92,99
6,7
0,0
1,2
1,1
9,12
40,44
1,1
6,5
4,5
17,20
15,17
25,28
1,4
42,44
5,5
5,5
3,3
4,8
11,11
21,32
32,38
7,8
4,13
11,14
12,13
4,6
8,8
11,10
6,7
7,7
8,8
23,32
2,4
22,22
9,9
2,2
44,46
4,6
19,19
115,144
5,7
13,14
1,1
1,1
15,17
7,7
8,9
2,2
2,2
30,33
24,22
24,26
77,85
6,8
0,0
1,0
1,1
10,11
43,45
0,0
4,4
6,6
15,19
11,15
21,25
1,3
41,45
4,4
5,5
3,3
3,8
8,10
20,32
33,39
6,7
3,12
12,13
10,11
4,7
9,9
11,10
5,9
7,7
8,9
19,27
2,3
21,21
6,7
1,2
44,46
2,6
18,16
115,141
5,7
13,14
1,1
1,1
13,17
6,7
10,10
4,4
2,2
29,36
24,22
24,26
91,107
6,7
0,0
1,0
1,1
11,11
43,45
0,0
5,5
6,6
17,20
11,16
21,25
1,3
43,45
5,5
5,5
3,3
4,8
8,10
19,31
32,39
6,7
4,12
12,12
9,10
4,7
8,9
11,10
5,7
7,7
8,8
22,31
3,5
21,21
6,7
2,1
44,46
2,6
18,17
121,146
5,7
12,13
1,1
1,1
13,14
6,7
10,10
4,4
1,1
31,38
27,26
24,26
91,105
6,7
0,0
1,0
1,1
10,11
41,45
0,2
7,6
6,6
17,20
14,17
21,25
1,3
43,45
8,6
6,6
3,3
3,7
9,10
20,31
33,39
5,6
4,11
12,12
9,10
4,7
10,10
10,10
5,7
7,7
7,8
24,33
4,5
21,21
5,6
1,1
43,46
2,6
20,18
121,144
5,7
13,14
1,1
1,1
13,15
6,7
10,10
3,4
2,2
29,34
24,26
26,28
97,108
4,7
0,0
1,0
1,1
7,9
43,45
2,2
6,7
7,6
17,19
13,16
19,24
1,4
44,45
7,6
4,3
3,3
3,7
9,11
19,29
33,40
2,4
4,13
14,14
4,4
5,7
10,9
8,9
7,7
7,7
7,8
21,24
4,4
23,21
4,5
2,2
43,46
2,6
21,18
126,145
5,6
12,14
1,1
1,1
14,16
6,8
1,2
2,3
2,2
24,27
25,24
26,28
96,108
4,7
0,0
1,0
1,1
10,11
44,45
1,2
5,6
7,7
17,19
12,16
19,26
1,3
44,46
7,6
5,4
3,3
5,7
11,12
20,28
35,40
6,8
3,17
14,14
5,5
4,6
9,9
7,7
6,7
7,7
7,10
27,32
4,4
21,20
13,7
2,2
43,46
4,6
21,18
124,144
4,6
12,14
1,1
1,1
12,16
5,6
9,10
3,4
2,2
27,31
26,29
27,28
93,104
3,6
0,0
1,0
1,1
10,10
42,45
1,1
5,5
6,7
17,18
9,16
18,27
1,3
44,47
7,6
5,3
5,4
4,6
10,12
20,29
33,40
4,7
4,11
12,12
4,4
4,6
9,9
5,5
5,7
7,7
7,10
27,36
4,4
20,20
8,7
2,2
44,45
2,6
22,20
126,140
5,7
11,13
1,1
2,1
12,17
4,6
8,9
2,2
2,2
25,29
26,29
28,28
98,109
3,5
0,0
1,0
0,0
10,9
45,47
0,0
4,4
6,14
15,18
10,15
20,27
1,1
46,47
6,5
4,3
3,3
3,7
9,11
20,28
33,37
9,10
3,12
11,13
4,4
5,7
10,9
5,5
9,11
7,7
8,10
26,30
3,3
23,23
7,7
2,2
44,45
2,6
21,18
121,137
5,7
11,13
1,1
1,1
12,15
4,6
9,9
2,3
2,2
23,27
24,27
27,27
79,89
3,5
0,0
0,0
1,1
9,8
40,43
0,0
4,3
6,13
15,18
12,17
20,26
1,4
42,45
6,5
3,3
3,3
3,6
9,11
21,28
33,38
9,9
4,15
12,12
4,4
3,6
11,10
6,6
7,8
8,7
9,10
21,28
2,2
24,25
7,7
2,2
44,45
2,6
21,15
121,142
4,7
11,12
1,1
1,1
12,14
3,5
6,7
2,2
43,45
6,5
3,3
3,3
3,7
6,8
22,27
33,39
9,9
3,14
13,12
4,4
3,6
10,10
6,6
8,9
9,7
11,11
25,33
2,2
24,25
7,7
2,2
44,45
2,6
19,17
118,141
5,7
11,12
1,1
1,1
10,14
6,6
6,9
3,2
2,2
23,25
28,29
29,30
93,107
3,5
0,0
0,0
1,1
9,8
42,43
0,0
4,3
6,13
15,18
12,17
19,26
1,4
2,2
26,30
30,32
27,28
89,108
4,5
0,0
1,1
1,1
12,11
41,43
0,0
2,5
6,13
17,19
13,17
19,27
4,4
44,46
6,5
3,3
3,3
5,6
7,10
20,26
32,38
9,9
3,14
13,11
4,4
4,6
11,10
6,6
6,8
9,7
11,12
29,37
3,2
25,26
9,8
2,2
44,45
2,6
22,19
116,136
5,7
12,14
1,1
1,1
14,15
5,5
7,9
3,3
2,2
25,29
30,33
29,28
94,112
4,5
0,0
1,0
1,1
12,12
45,44
0,0
2,3
6,13
17,18
13,17
20,26
2,5
43,45
6,5
4,3
3,3
7,5
9,11
21,26
33,38
7,8
3,13
12,12
4,6
4,6
10,10
6,6
5,8
8,8
9,9
29,38
2,3
21,24
3,5
2,2
44,46
2,6
22,21
114,134
5,7
13,14
1,1
1,1
13,17
4,3
7,11
2,2
2,2
26,28
27,33
28,28
98,109
3,5
0,0
1,0
1,1
11,12
44,44
0,0
3,5
6,13
17,16
15,16
19,24
1,6
42,46
6,5
3,3
3,3
6,5
6,7
19,25
29,37
4,7
3,14
11,10
5,7
4,5
11,9
7,7
6,8
8,8
12,12
29,37
2,2
19,21
2,4
2,2
45,46
2,6
19,19
114,132
5,6
12,14
1,2
1,1
13,16
2,2
5,9
2,2
2,2
25,29
23,28
29,29
95,108
3,5
0,0
0,0
1,1
13,12
44,44
0,0
3,5
6,13
18,16
12,16
17,22
1,5
44,46
7,5
3,3
2,3
5,5
6,7
15,22
30,36
9,10
3,13
10,9
4,6
5,5
9,11
6,6
6,8
9,8
17,19
24,34
2,2
19,21
4,4
2,2
45,47
2,6
20,18
116,139
4,7
11,13
1,2
1,1
10,15
6,5
3,7
2,2
3,2
27,31
25,28
29,31
98,105
3,5
0,0
0,0
1,1
11,12
43,43
0,0
4,5
6,13
18,17
11,17
19,24
1,7
37,41
6,5
2,2
3,2
6,4
4,5
17,23
29,35
8,10
3,10
4,6
4,5
10,7
10,10
6,7
8,9
13,15
30,36
3,1
20,20
2,1
45,47
2,6
21,16
117,133
5,5
11,13
1,2
1,1
8,15
7,6
3,6
2,1
3,1
26,27
24,26
30,30
81,96
2,3
0,0
0,0
1,1
9,11
42,45
0,0
4,4
5,5
15,18
11,17
19,23
1,5
38,39
6,5
2,2
2,2
6,4
2,2
17,23
28,34
8,10
2,8
3,6
3,5
10,6
8,9
7,8
6,7
11,14
25,28
2,1
20,19
2,1
44,46
2,6
14,15
108,128
5,4
11,13
1,2
1,1
9,12
6,5
4,6
2,1
2,1
22,27
24,28
28,31
89,107
2,3
0,0
0,0
1,1
10,10
43,46
0,0
5,5
5,5
16,18
12,18
18,22
2,3
34,39
7,6
3,2
1,3
8,5
2,3
17,23
28,35
8,10
2,6
3,6
3,5
8,6
9,10
7,10
7,7
11,14
27,30
3,2
21,19
2,1
44,46
2,6
19,17
112,128
4,4
11,13
1,2
1,1
10,14
5,5
5,7
2,1
2,1
28,31
24,28
26,29
87,98
3,3
0,0
0,0
1,1
11,12
45,48
0,0
5,5
5,6
16,18
11,18
20,24
4,2
30,36
8,7
2,2
1,2
7,5
3,2
16,23
28,36
8,10
7,11
3,5
9,5
10,11
6,10
8,7
11,14
31,37
4,4
21,20
1,1
44,46
2,6
18,16
101,118
4,5
11,13
1,2
1,1
10,13
6,5
3,7
2,2
1,1
22,33
22,28
29,30
79,85
3,3
0,0
0,0
1,1
9,9
42,46
0,0
5,7
5,5
16,18
14,20
18,23
1,2
31,35
9,9
1,1
0,2
5,5
1,0
18,24
28,37
8,9
8,12
3,5
8,5
10,11
8,11
7,6
11,14
30,38
2,4
19,18
1,1
42,45
3,7
13,14
100,118
4,5
11,12
1,2
1,1
8,12
6,5
3,7
2,3
1,1
20,26
27,32
28,30
39,48
3,3
0,0
0,0
1,1
12,10
40,43
0,0
6,6
15,17
13,17
18,23
1,2
2,4
8,8
1,1
0,3
5,5
0,0
30,35
27,35
6,8
8,11
4,5
7,4
10,11
6,8
8,6
10,13
30,40
3,4
17,15
1,1
43,46
3,7
15,14
113,123
4,4
11,11
2,2
1,1
11,13
8,7
4,6
2,3
1,1
18,21
23,26
34,41
1,2
0,0
1,1
13,11
37,36
0,0
6,4
17,18
7,9
16,22
1,1
2,3
4,5
1,1
1,3
6,5
0,0
16,19
22,28
5,6
8,11
4,5
4,4
6,7
6,8
7,6
8,10
19,27
3,3
9,9
1,1
31,33
2,6
1,1
102,112
2,2
6,6
2,1
1,1
7,9
5,5
5,6
1,1
1,1
20,20
27,27
34,40
1,2
0,0
0,0
18,19
30,32
0,1
4,4
15,14
6,7
17,22
1,1
1,2
4,5
1,1
2,3
4,4
0,0
15,18
21,27
3,4
8,10
4,5
4,4
6,7
6,8
6,5
7,9
19,22
2,3
9,10
1,1
29,31
2,6
0,0
88,95
2,2
5,5
1,1
6,8
2,4
4,6
1,1
1,1
18,19
24,24
36,40
1,2
0,0
0,0
15,18
26,29
6,7
3,4
16,14
7,8
17,22
1,1
1,2
4,5
1,1
0,1
4,3
0,0
15,19
17,24
4,6
6,7
3,4
2,4
5,6
5,10
6,6
4,6
16,18
2,3
7,6
1,1
28,29
2,5
0,0
88,102
2,4
4,4
3,2
8,8
3,4
3,7
1,1
1,1
18,19
23,25
38,45
1,2
0,0
0,0
14,17
26,28
3,4
17,14
8,8
17,22
0,1
1,2
1,1
1,1
4,3
0,0
15,20
18,23
5,6
6,8
3,4
2,4
5,7
6,9
7,7
4,6
14,16
2,2
7,6
1,1
28,29
2,5
0,0
86,99
2,4
4,4
3,2
9,8
4,4
3,7
2,2
1,1
18,18
23,25
33,39
1,2
0,0
0,0
14,17
26,29
7,8
3,4
15,13
8,8
17,22
0,1
1,2
1,1
2,2
4,4
0,0
15,20
17,23
5,6
6,8
3,4
2,4
4,5
6,9
7,8
4,5
18,21
3,2
8,7
1,1
28,28
2,4
0,0
86,97
2,4
4,4
3,2
6,6
2,3
3,7
2,2
1,1
14,14
22,22
26,31
0,2
1,1
0,0
0,0
10,12
19,23
0,0
3,3
11,16
8,8
15,20
0,1
1,2
1,1
0,2
4,4
0,0
14,19
15,18
3,4
6,8
3,5
2,2
2,4
6,10
5,7
3,3
12,13
2,1
6,6
1,1
22,23
1,3
0,0
71,80
1,3
3,3
3,2
3,5
2,5
2,7
2,2
1,1
0,0
9,10
22,22
18,21
0,0
1,1
0,0
7,11
8,12
0,0
4,4
2,2
9,10
6,4
8,12
0,0
0,1
2,3
0,0
10,16
10,15
4,6
2,4
2,2
3,4
5,10
5,5
0,1
7,10
2,1
2,2
1,1
20,21
1,3
0,0
57,61
0,2
1,1
2,2
0,5
2,4
2,3
1,1
